pair,allocation,generation,session_id,gpu_uuid,host_received_utc,event,vm,pid,utc_seconds,monotonic_seconds,live_allocated_bytes,phase,requested_bytes,api_result,guest_pointer,freed_bytes
pair-1,bd6eab3f8baa0b79dcbd2c66a5fdb20a,6bd453158aadb0832a0a6329c2ae92bc,3a89cb17c252ff4a0be6c44142bbfe2d,GPU-7d708c42-8d4a-16d5-0746-474567157aa3,1790608938.407622,ALLOC,A,2120,1790608938.3742957,136.861416046,2097152,precheck,2097152,0,139856973062144,
pair-1,bd6eab3f8baa0b79dcbd2c66a5fdb20a,6bd453158aadb0832a0a6329c2ae92bc,3a89cb17c252ff4a0be6c44142bbfe2d,GPU-7d708c42-8d4a-16d5-0746-474567157aa3,1790608938.4494553,FREE,A,2120,1790608938.4167924,136.903912935,0,precheck,,0,139856973062144,2097152
pair-1,bd6eab3f8baa0b79dcbd2c66a5fdb20a,6bd453158aadb0832a0a6329c2ae92bc,3a89cb17c252ff4a0be6c44142bbfe2d,GPU-7d708c42-8d4a-16d5-0746-474567157aa3,1790608962.0929499,ALLOC,A,2120,1790608962.0796847,160.566805086,0,large,1610612736,2,0,
pair-1,bd6eab3f8baa0b79dcbd2c66a5fdb20a,6bd453158aadb0832a0a6329c2ae92bc,3a89cb17c252ff4a0be6c44142bbfe2d,GPU-7d708c42-8d4a-16d5-0746-474567157aa3,1790608973.0967348,ALLOC,A,2120,1790608973.090492,171.577612215,134217728,small,134217728,0,139856684515328,
pair-1,bd6eab3f8baa0b79dcbd2c66a5fdb20a,6bd453158aadb0832a0a6329c2ae92bc,3a89cb17c252ff4a0be6c44142bbfe2d,GPU-7d708c42-8d4a-16d5-0746-474567157aa3,1790608984.1241817,FREE,A,2120,1790608984.124493,182.611613289,0,final,,0,139856684515328,134217728
pair-1,c0a64ce4984ff8d17ead07fb234e197d,c27121a3fa22de43dfa09e204b86122d,c29a5846c2bb3c615bb62c7314c9b9e2,GPU-7d708c42-8d4a-16d5-0746-474567157aa3,1790608938.7045286,ALLOC,B,2085,1790608938.703067,136.424101447,2097152,precheck,2097152,0,140683766165504,
pair-1,c0a64ce4984ff8d17ead07fb234e197d,c27121a3fa22de43dfa09e204b86122d,c29a5846c2bb3c615bb62c7314c9b9e2,GPU-7d708c42-8d4a-16d5-0746-474567157aa3,1790608938.7419991,FREE,B,2085,1790608938.74119,136.462224178,0,precheck,,0,140683766165504,2097152
pair-1,c0a64ce4984ff8d17ead07fb234e197d,c27121a3fa22de43dfa09e204b86122d,c29a5846c2bb3c615bb62c7314c9b9e2,GPU-7d708c42-8d4a-16d5-0746-474567157aa3,1790608951.0280528,ALLOC,B,2085,1790608951.0278168,148.748851109,1610612736,large,1610612736,0,140681989324800,
pair-1,c0a64ce4984ff8d17ead07fb234e197d,c27121a3fa22de43dfa09e204b86122d,c29a5846c2bb3c615bb62c7314c9b9e2,GPU-7d708c42-8d4a-16d5-0746-474567157aa3,1790608995.1279652,FREE,B,2085,1790608995.1299932,192.851027619,0,final,,0,140681989324800,1610612736
pair-2,d2a9719167f7afaf573928dab721b69c,e373f12b96d47ecaadd39435acd21b8d,4ab2c9b9b194a77f3d16fdb330de8d5c,GPU-7d708c42-8d4a-16d5-0746-474567157aa3,1790609088.693916,ALLOC,A,2056,1790609088.7685206,27.21328642,2097152,precheck,2097152,0,140213969182720,
pair-2,d2a9719167f7afaf573928dab721b69c,e373f12b96d47ecaadd39435acd21b8d,4ab2c9b9b194a77f3d16fdb330de8d5c,GPU-7d708c42-8d4a-16d5-0746-474567157aa3,1790609088.7346647,FREE,A,2056,1790609088.8095648,27.254330544,0,precheck,,0,140213969182720,2097152
pair-2,d2a9719167f7afaf573928dab721b69c,e373f12b96d47ecaadd39435acd21b8d,4ab2c9b9b194a77f3d16fdb330de8d5c,GPU-7d708c42-8d4a-16d5-0746-474567157aa3,1790609112.3552277,ALLOC,A,2056,1790609112.3876655,50.832430868,0,large,1610612736,2,0,
pair-2,d2a9719167f7afaf573928dab721b69c,e373f12b96d47ecaadd39435acd21b8d,4ab2c9b9b194a77f3d16fdb330de8d5c,GPU-7d708c42-8d4a-16d5-0746-474567157aa3,1790609123.357088,ALLOC,A,2056,1790609123.3653562,61.810121559,134217728,small,134217728,0,140213636562944,
pair-2,d2a9719167f7afaf573928dab721b69c,e373f12b96d47ecaadd39435acd21b8d,4ab2c9b9b194a77f3d16fdb330de8d5c,GPU-7d708c42-8d4a-16d5-0746-474567157aa3,1790609134.3896482,FREE,A,2056,1790609134.3917942,72.836559978,0,final,,0,140213636562944,134217728
pair-2,8baeafcc115d4d8d65cc12388a5521a1,ee1e89f6693e4535275229a6bf0828bd,69b1f51415b42a863b930db7fe48da5a,GPU-7d708c42-8d4a-16d5-0746-474567157aa3,1790609089.2442017,ALLOC,B,2060,1790609088.6275864,29.103094649,2097152,precheck,2097152,0,140181589778432,
pair-2,8baeafcc115d4d8d65cc12388a5521a1,ee1e89f6693e4535275229a6bf0828bd,69b1f51415b42a863b930db7fe48da5a,GPU-7d708c42-8d4a-16d5-0746-474567157aa3,1790609089.287046,FREE,B,2060,1790609088.670148,29.1456561,0,precheck,,0,140181589778432,2097152
pair-2,8baeafcc115d4d8d65cc12388a5521a1,ee1e89f6693e4535275229a6bf0828bd,69b1f51415b42a863b930db7fe48da5a,GPU-7d708c42-8d4a-16d5-0746-474567157aa3,1790609101.2922244,ALLOC,B,2060,1790609100.67569,41.151197974,1610612736,large,1610612736,0,140179813695488,
pair-2,8baeafcc115d4d8d65cc12388a5521a1,ee1e89f6693e4535275229a6bf0828bd,69b1f51415b42a863b930db7fe48da5a,GPU-7d708c42-8d4a-16d5-0746-474567157aa3,1790609145.3949957,FREE,B,2060,1790609145.3940666,85.255003557,0,final,,0,140179813695488,1610612736
pair-3,76db841f9d20dfd4301c94e37d8c04d1,fc77735896503a5b9652e59ae456fc2d,aa1b9c1bb5504064d4b70ce41d5d8725,GPU-7d708c42-8d4a-16d5-0746-474567157aa3,1790609238.8779738,ALLOC,A,2058,1790609238.3589761,27.807480209,2097152,precheck,2097152,0,140414746652672,
pair-3,76db841f9d20dfd4301c94e37d8c04d1,fc77735896503a5b9652e59ae456fc2d,aa1b9c1bb5504064d4b70ce41d5d8725,GPU-7d708c42-8d4a-16d5-0746-474567157aa3,1790609238.918772,FREE,A,2058,1790609238.4002964,27.848800609,0,precheck,,0,140414746652672,2097152
pair-3,76db841f9d20dfd4301c94e37d8c04d1,fc77735896503a5b9652e59ae456fc2d,aa1b9c1bb5504064d4b70ce41d5d8725,GPU-7d708c42-8d4a-16d5-0746-474567157aa3,1790609262.6969445,ALLOC,A,2058,1790609262.6948316,51.627497535,0,large,1610612736,2,0,
pair-3,76db841f9d20dfd4301c94e37d8c04d1,fc77735896503a5b9652e59ae456fc2d,aa1b9c1bb5504064d4b70ce41d5d8725,GPU-7d708c42-8d4a-16d5-0746-474567157aa3,1790609273.7006006,ALLOC,A,2058,1790609273.6982977,62.630963864,134217728,small,134217728,0,140414426284032,
pair-3,76db841f9d20dfd4301c94e37d8c04d1,fc77735896503a5b9652e59ae456fc2d,aa1b9c1bb5504064d4b70ce41d5d8725,GPU-7d708c42-8d4a-16d5-0746-474567157aa3,1790609284.7356017,FREE,A,2058,1790609284.7284756,73.661141916,0,final,,0,140414426284032,134217728
pair-3,7b3a1dfe7f0526e232df34ca38e1fe4e,9a41cd4afb76e0d81fa732203209ac85,c83218167c662289f757c8a667a2e6f2,GPU-7d708c42-8d4a-16d5-0746-474567157aa3,1790609239.3500788,ALLOC,B,2059,1790609239.283474,30.698382007,2097152,precheck,2097152,0,140045459652608,
pair-3,7b3a1dfe7f0526e232df34ca38e1fe4e,9a41cd4afb76e0d81fa732203209ac85,c83218167c662289f757c8a667a2e6f2,GPU-7d708c42-8d4a-16d5-0746-474567157aa3,1790609239.3894327,FREE,B,2059,1790609239.3222513,30.737159181,0,precheck,,0,140045459652608,2097152
pair-3,7b3a1dfe7f0526e232df34ca38e1fe4e,9a41cd4afb76e0d81fa732203209ac85,c83218167c662289f757c8a667a2e6f2,GPU-7d708c42-8d4a-16d5-0746-474567157aa3,1790609251.635787,ALLOC,B,2059,1790609251.5659742,42.980882186,1610612736,large,1610612736,0,140043851137024,
pair-3,7b3a1dfe7f0526e232df34ca38e1fe4e,9a41cd4afb76e0d81fa732203209ac85,c83218167c662289f757c8a667a2e6f2,GPU-7d708c42-8d4a-16d5-0746-474567157aa3,1790609295.7321749,FREE,B,2059,1790609295.7312574,87.146165415,0,final,,0,140043851137024,1610612736
