pair,allocation,generation,session_id,gpu_uuid,host_received_utc,event,vm,pid,utc_seconds,monotonic_seconds,live_allocated_bytes,completed,checked_elements,mismatches,guest_pointer
pair-1,bd6eab3f8baa0b79dcbd2c66a5fdb20a,6bd453158aadb0832a0a6329c2ae92bc,3a89cb17c252ff4a0be6c44142bbfe2d,GPU-7d708c42-8d4a-16d5-0746-474567157aa3,1790608938.4485857,PROGRESS,A,2120,1790608938.4153047,136.902424924,2097152,1,524288,0,139856973062144
pair-1,bd6eab3f8baa0b79dcbd2c66a5fdb20a,6bd453158aadb0832a0a6329c2ae92bc,3a89cb17c252ff4a0be6c44142bbfe2d,GPU-7d708c42-8d4a-16d5-0746-474567157aa3,1790608973.1287255,PROGRESS,A,2120,1790608973.1226645,171.609784607,134217728,2,524288,0,139856684515328
pair-1,bd6eab3f8baa0b79dcbd2c66a5fdb20a,6bd453158aadb0832a0a6329c2ae92bc,3a89cb17c252ff4a0be6c44142bbfe2d,GPU-7d708c42-8d4a-16d5-0746-474567157aa3,1790608974.1545713,PROGRESS,A,2120,1790608974.1492312,172.636351451,134217728,3,524288,0,139856684515328
pair-1,bd6eab3f8baa0b79dcbd2c66a5fdb20a,6bd453158aadb0832a0a6329c2ae92bc,3a89cb17c252ff4a0be6c44142bbfe2d,GPU-7d708c42-8d4a-16d5-0746-474567157aa3,1790608975.17152,PROGRESS,A,2120,1790608975.1668155,173.653935977,134217728,4,524288,0,139856684515328
pair-1,bd6eab3f8baa0b79dcbd2c66a5fdb20a,6bd453158aadb0832a0a6329c2ae92bc,3a89cb17c252ff4a0be6c44142bbfe2d,GPU-7d708c42-8d4a-16d5-0746-474567157aa3,1790608976.189916,PROGRESS,A,2120,1790608976.1857665,174.672886823,134217728,5,524288,0,139856684515328
pair-1,bd6eab3f8baa0b79dcbd2c66a5fdb20a,6bd453158aadb0832a0a6329c2ae92bc,3a89cb17c252ff4a0be6c44142bbfe2d,GPU-7d708c42-8d4a-16d5-0746-474567157aa3,1790608977.2070346,PROGRESS,A,2120,1790608977.203506,175.690626285,134217728,6,524288,0,139856684515328
pair-1,bd6eab3f8baa0b79dcbd2c66a5fdb20a,6bd453158aadb0832a0a6329c2ae92bc,3a89cb17c252ff4a0be6c44142bbfe2d,GPU-7d708c42-8d4a-16d5-0746-474567157aa3,1790608978.225358,PROGRESS,A,2120,1790608978.2223444,176.709464589,134217728,7,524288,0,139856684515328
pair-1,bd6eab3f8baa0b79dcbd2c66a5fdb20a,6bd453158aadb0832a0a6329c2ae92bc,3a89cb17c252ff4a0be6c44142bbfe2d,GPU-7d708c42-8d4a-16d5-0746-474567157aa3,1790608979.2425454,PROGRESS,A,2120,1790608979.240376,177.727496123,134217728,8,524288,0,139856684515328
pair-1,bd6eab3f8baa0b79dcbd2c66a5fdb20a,6bd453158aadb0832a0a6329c2ae92bc,3a89cb17c252ff4a0be6c44142bbfe2d,GPU-7d708c42-8d4a-16d5-0746-474567157aa3,1790608980.260038,PROGRESS,A,2120,1790608980.258106,178.745226184,134217728,9,524288,0,139856684515328
pair-1,bd6eab3f8baa0b79dcbd2c66a5fdb20a,6bd453158aadb0832a0a6329c2ae92bc,3a89cb17c252ff4a0be6c44142bbfe2d,GPU-7d708c42-8d4a-16d5-0746-474567157aa3,1790608981.2776573,PROGRESS,A,2120,1790608981.2767594,179.763879781,134217728,10,524288,0,139856684515328
pair-1,bd6eab3f8baa0b79dcbd2c66a5fdb20a,6bd453158aadb0832a0a6329c2ae92bc,3a89cb17c252ff4a0be6c44142bbfe2d,GPU-7d708c42-8d4a-16d5-0746-474567157aa3,1790608982.2935324,PROGRESS,A,2120,1790608982.2927377,180.779857802,134217728,11,524288,0,139856684515328
pair-1,bd6eab3f8baa0b79dcbd2c66a5fdb20a,6bd453158aadb0832a0a6329c2ae92bc,3a89cb17c252ff4a0be6c44142bbfe2d,GPU-7d708c42-8d4a-16d5-0746-474567157aa3,1790608983.3116496,PROGRESS,A,2120,1790608983.3112068,181.798327088,134217728,12,524288,0,139856684515328
pair-1,bd6eab3f8baa0b79dcbd2c66a5fdb20a,6bd453158aadb0832a0a6329c2ae92bc,3a89cb17c252ff4a0be6c44142bbfe2d,GPU-7d708c42-8d4a-16d5-0746-474567157aa3,1790608984.1105537,PROGRESS,A,2120,1790608984.1104615,182.597581792,134217728,13,524288,0,139856684515328
pair-1,c0a64ce4984ff8d17ead07fb234e197d,c27121a3fa22de43dfa09e204b86122d,c29a5846c2bb3c615bb62c7314c9b9e2,GPU-7d708c42-8d4a-16d5-0746-474567157aa3,1790608938.740744,PROGRESS,B,2085,1790608938.7392983,136.460332462,2097152,1,524288,0,140683766165504
pair-1,c0a64ce4984ff8d17ead07fb234e197d,c27121a3fa22de43dfa09e204b86122d,c29a5846c2bb3c615bb62c7314c9b9e2,GPU-7d708c42-8d4a-16d5-0746-474567157aa3,1790608951.0578918,PROGRESS,B,2085,1790608951.0573993,148.778433335,1610612736,2,524288,0,140681989324800
pair-1,c0a64ce4984ff8d17ead07fb234e197d,c27121a3fa22de43dfa09e204b86122d,c29a5846c2bb3c615bb62c7314c9b9e2,GPU-7d708c42-8d4a-16d5-0746-474567157aa3,1790608952.0778077,PROGRESS,B,2085,1790608952.0772917,149.798326031,1610612736,3,524288,0,140681989324800
pair-1,c0a64ce4984ff8d17ead07fb234e197d,c27121a3fa22de43dfa09e204b86122d,c29a5846c2bb3c615bb62c7314c9b9e2,GPU-7d708c42-8d4a-16d5-0746-474567157aa3,1790608953.0948992,PROGRESS,B,2085,1790608953.0947418,150.815775882,1610612736,4,524288,0,140681989324800
pair-1,c0a64ce4984ff8d17ead07fb234e197d,c27121a3fa22de43dfa09e204b86122d,c29a5846c2bb3c615bb62c7314c9b9e2,GPU-7d708c42-8d4a-16d5-0746-474567157aa3,1790608954.122224,PROGRESS,B,2085,1790608954.1221087,151.843142773,1610612736,5,524288,0,140681989324800
pair-1,c0a64ce4984ff8d17ead07fb234e197d,c27121a3fa22de43dfa09e204b86122d,c29a5846c2bb3c615bb62c7314c9b9e2,GPU-7d708c42-8d4a-16d5-0746-474567157aa3,1790608955.1415267,PROGRESS,B,2085,1790608955.1412027,152.862237038,1610612736,6,524288,0,140681989324800
pair-1,c0a64ce4984ff8d17ead07fb234e197d,c27121a3fa22de43dfa09e204b86122d,c29a5846c2bb3c615bb62c7314c9b9e2,GPU-7d708c42-8d4a-16d5-0746-474567157aa3,1790608956.158881,PROGRESS,B,2085,1790608956.158898,153.879932404,1610612736,7,524288,0,140681989324800
pair-1,c0a64ce4984ff8d17ead07fb234e197d,c27121a3fa22de43dfa09e204b86122d,c29a5846c2bb3c615bb62c7314c9b9e2,GPU-7d708c42-8d4a-16d5-0746-474567157aa3,1790608957.177456,PROGRESS,B,2085,1790608957.1773148,154.898349102,1610612736,8,524288,0,140681989324800
pair-1,c0a64ce4984ff8d17ead07fb234e197d,c27121a3fa22de43dfa09e204b86122d,c29a5846c2bb3c615bb62c7314c9b9e2,GPU-7d708c42-8d4a-16d5-0746-474567157aa3,1790608958.1942873,PROGRESS,B,2085,1790608958.1942747,155.915309043,1610612736,9,524288,0,140681989324800
pair-1,c0a64ce4984ff8d17ead07fb234e197d,c27121a3fa22de43dfa09e204b86122d,c29a5846c2bb3c615bb62c7314c9b9e2,GPU-7d708c42-8d4a-16d5-0746-474567157aa3,1790608959.2133172,PROGRESS,B,2085,1790608959.2134185,156.934452802,1610612736,10,524288,0,140681989324800
pair-1,c0a64ce4984ff8d17ead07fb234e197d,c27121a3fa22de43dfa09e204b86122d,c29a5846c2bb3c615bb62c7314c9b9e2,GPU-7d708c42-8d4a-16d5-0746-474567157aa3,1790608960.2322693,PROGRESS,B,2085,1790608960.232415,157.953449034,1610612736,11,524288,0,140681989324800
pair-1,c0a64ce4984ff8d17ead07fb234e197d,c27121a3fa22de43dfa09e204b86122d,c29a5846c2bb3c615bb62c7314c9b9e2,GPU-7d708c42-8d4a-16d5-0746-474567157aa3,1790608961.249901,PROGRESS,B,2085,1790608961.2504816,158.971515768,1610612736,12,524288,0,140681989324800
pair-1,c0a64ce4984ff8d17ead07fb234e197d,c27121a3fa22de43dfa09e204b86122d,c29a5846c2bb3c615bb62c7314c9b9e2,GPU-7d708c42-8d4a-16d5-0746-474567157aa3,1790608962.267898,PROGRESS,B,2085,1790608962.2681322,159.989166402,1610612736,13,524288,0,140681989324800
pair-1,c0a64ce4984ff8d17ead07fb234e197d,c27121a3fa22de43dfa09e204b86122d,c29a5846c2bb3c615bb62c7314c9b9e2,GPU-7d708c42-8d4a-16d5-0746-474567157aa3,1790608963.2843714,PROGRESS,B,2085,1790608963.2846582,161.005692344,1610612736,14,524288,0,140681989324800
pair-1,c0a64ce4984ff8d17ead07fb234e197d,c27121a3fa22de43dfa09e204b86122d,c29a5846c2bb3c615bb62c7314c9b9e2,GPU-7d708c42-8d4a-16d5-0746-474567157aa3,1790608964.3021526,PROGRESS,B,2085,1790608964.3026783,162.023712687,1610612736,15,524288,0,140681989324800
pair-1,c0a64ce4984ff8d17ead07fb234e197d,c27121a3fa22de43dfa09e204b86122d,c29a5846c2bb3c615bb62c7314c9b9e2,GPU-7d708c42-8d4a-16d5-0746-474567157aa3,1790608965.3185558,PROGRESS,B,2085,1790608965.319189,163.04022346,1610612736,16,524288,0,140681989324800
pair-1,c0a64ce4984ff8d17ead07fb234e197d,c27121a3fa22de43dfa09e204b86122d,c29a5846c2bb3c615bb62c7314c9b9e2,GPU-7d708c42-8d4a-16d5-0746-474567157aa3,1790608966.3382037,PROGRESS,B,2085,1790608966.338836,164.059870198,1610612736,17,524288,0,140681989324800
pair-1,c0a64ce4984ff8d17ead07fb234e197d,c27121a3fa22de43dfa09e204b86122d,c29a5846c2bb3c615bb62c7314c9b9e2,GPU-7d708c42-8d4a-16d5-0746-474567157aa3,1790608967.3571036,PROGRESS,B,2085,1790608967.3576636,165.078697939,1610612736,18,524288,0,140681989324800
pair-1,c0a64ce4984ff8d17ead07fb234e197d,c27121a3fa22de43dfa09e204b86122d,c29a5846c2bb3c615bb62c7314c9b9e2,GPU-7d708c42-8d4a-16d5-0746-474567157aa3,1790608968.3732069,PROGRESS,B,2085,1790608968.37421,166.095244181,1610612736,19,524288,0,140681989324800
pair-1,c0a64ce4984ff8d17ead07fb234e197d,c27121a3fa22de43dfa09e204b86122d,c29a5846c2bb3c615bb62c7314c9b9e2,GPU-7d708c42-8d4a-16d5-0746-474567157aa3,1790608969.3909733,PROGRESS,B,2085,1790608969.391835,167.112869346,1610612736,20,524288,0,140681989324800
pair-1,c0a64ce4984ff8d17ead07fb234e197d,c27121a3fa22de43dfa09e204b86122d,c29a5846c2bb3c615bb62c7314c9b9e2,GPU-7d708c42-8d4a-16d5-0746-474567157aa3,1790608970.4087472,PROGRESS,B,2085,1790608970.4095304,168.130564589,1610612736,21,524288,0,140681989324800
pair-1,c0a64ce4984ff8d17ead07fb234e197d,c27121a3fa22de43dfa09e204b86122d,c29a5846c2bb3c615bb62c7314c9b9e2,GPU-7d708c42-8d4a-16d5-0746-474567157aa3,1790608971.4265144,PROGRESS,B,2085,1790608971.4271274,169.148161558,1610612736,22,524288,0,140681989324800
pair-1,c0a64ce4984ff8d17ead07fb234e197d,c27121a3fa22de43dfa09e204b86122d,c29a5846c2bb3c615bb62c7314c9b9e2,GPU-7d708c42-8d4a-16d5-0746-474567157aa3,1790608972.4449813,PROGRESS,B,2085,1790608972.4458108,170.166844965,1610612736,23,524288,0,140681989324800
pair-1,c0a64ce4984ff8d17ead07fb234e197d,c27121a3fa22de43dfa09e204b86122d,c29a5846c2bb3c615bb62c7314c9b9e2,GPU-7d708c42-8d4a-16d5-0746-474567157aa3,1790608973.4672115,PROGRESS,B,2085,1790608973.468391,171.189425111,1610612736,24,524288,0,140681989324800
pair-1,c0a64ce4984ff8d17ead07fb234e197d,c27121a3fa22de43dfa09e204b86122d,c29a5846c2bb3c615bb62c7314c9b9e2,GPU-7d708c42-8d4a-16d5-0746-474567157aa3,1790608974.4851425,PROGRESS,B,2085,1790608974.486271,172.207305158,1610612736,25,524288,0,140681989324800
pair-1,c0a64ce4984ff8d17ead07fb234e197d,c27121a3fa22de43dfa09e204b86122d,c29a5846c2bb3c615bb62c7314c9b9e2,GPU-7d708c42-8d4a-16d5-0746-474567157aa3,1790608975.5032065,PROGRESS,B,2085,1790608975.5042083,173.225242515,1610612736,26,524288,0,140681989324800
pair-1,c0a64ce4984ff8d17ead07fb234e197d,c27121a3fa22de43dfa09e204b86122d,c29a5846c2bb3c615bb62c7314c9b9e2,GPU-7d708c42-8d4a-16d5-0746-474567157aa3,1790608976.5207644,PROGRESS,B,2085,1790608976.5216966,174.242730769,1610612736,27,524288,0,140681989324800
pair-1,c0a64ce4984ff8d17ead07fb234e197d,c27121a3fa22de43dfa09e204b86122d,c29a5846c2bb3c615bb62c7314c9b9e2,GPU-7d708c42-8d4a-16d5-0746-474567157aa3,1790608977.5368843,PROGRESS,B,2085,1790608977.5381596,175.259193873,1610612736,28,524288,0,140681989324800
pair-1,c0a64ce4984ff8d17ead07fb234e197d,c27121a3fa22de43dfa09e204b86122d,c29a5846c2bb3c615bb62c7314c9b9e2,GPU-7d708c42-8d4a-16d5-0746-474567157aa3,1790608978.5562701,PROGRESS,B,2085,1790608978.5573926,176.278426765,1610612736,29,524288,0,140681989324800
pair-1,c0a64ce4984ff8d17ead07fb234e197d,c27121a3fa22de43dfa09e204b86122d,c29a5846c2bb3c615bb62c7314c9b9e2,GPU-7d708c42-8d4a-16d5-0746-474567157aa3,1790608979.5753822,PROGRESS,B,2085,1790608979.57666,177.297694101,1610612736,30,524288,0,140681989324800
pair-1,c0a64ce4984ff8d17ead07fb234e197d,c27121a3fa22de43dfa09e204b86122d,c29a5846c2bb3c615bb62c7314c9b9e2,GPU-7d708c42-8d4a-16d5-0746-474567157aa3,1790608980.591798,PROGRESS,B,2085,1790608980.5930643,178.314098638,1610612736,31,524288,0,140681989324800
pair-1,c0a64ce4984ff8d17ead07fb234e197d,c27121a3fa22de43dfa09e204b86122d,c29a5846c2bb3c615bb62c7314c9b9e2,GPU-7d708c42-8d4a-16d5-0746-474567157aa3,1790608981.609238,PROGRESS,B,2085,1790608981.6107707,179.331805044,1610612736,32,524288,0,140681989324800
pair-1,c0a64ce4984ff8d17ead07fb234e197d,c27121a3fa22de43dfa09e204b86122d,c29a5846c2bb3c615bb62c7314c9b9e2,GPU-7d708c42-8d4a-16d5-0746-474567157aa3,1790608982.6270492,PROGRESS,B,2085,1790608982.6284347,180.349468972,1610612736,33,524288,0,140681989324800
pair-1,c0a64ce4984ff8d17ead07fb234e197d,c27121a3fa22de43dfa09e204b86122d,c29a5846c2bb3c615bb62c7314c9b9e2,GPU-7d708c42-8d4a-16d5-0746-474567157aa3,1790608983.6458993,PROGRESS,B,2085,1790608983.6473002,181.368334482,1610612736,34,524288,0,140681989324800
pair-1,c0a64ce4984ff8d17ead07fb234e197d,c27121a3fa22de43dfa09e204b86122d,c29a5846c2bb3c615bb62c7314c9b9e2,GPU-7d708c42-8d4a-16d5-0746-474567157aa3,1790608984.6647882,PROGRESS,B,2085,1790608984.666676,182.387710249,1610612736,35,524288,0,140681989324800
pair-1,c0a64ce4984ff8d17ead07fb234e197d,c27121a3fa22de43dfa09e204b86122d,c29a5846c2bb3c615bb62c7314c9b9e2,GPU-7d708c42-8d4a-16d5-0746-474567157aa3,1790608985.682892,PROGRESS,B,2085,1790608985.6843662,183.405400485,1610612736,36,524288,0,140681989324800
pair-1,c0a64ce4984ff8d17ead07fb234e197d,c27121a3fa22de43dfa09e204b86122d,c29a5846c2bb3c615bb62c7314c9b9e2,GPU-7d708c42-8d4a-16d5-0746-474567157aa3,1790608986.6984048,PROGRESS,B,2085,1790608986.7003317,184.421366057,1610612736,37,524288,0,140681989324800
pair-1,c0a64ce4984ff8d17ead07fb234e197d,c27121a3fa22de43dfa09e204b86122d,c29a5846c2bb3c615bb62c7314c9b9e2,GPU-7d708c42-8d4a-16d5-0746-474567157aa3,1790608987.7158623,PROGRESS,B,2085,1790608987.7173886,185.438422885,1610612736,38,524288,0,140681989324800
pair-1,c0a64ce4984ff8d17ead07fb234e197d,c27121a3fa22de43dfa09e204b86122d,c29a5846c2bb3c615bb62c7314c9b9e2,GPU-7d708c42-8d4a-16d5-0746-474567157aa3,1790608988.7335632,PROGRESS,B,2085,1790608988.7352028,186.456236817,1610612736,39,524288,0,140681989324800
pair-1,c0a64ce4984ff8d17ead07fb234e197d,c27121a3fa22de43dfa09e204b86122d,c29a5846c2bb3c615bb62c7314c9b9e2,GPU-7d708c42-8d4a-16d5-0746-474567157aa3,1790608989.7509258,PROGRESS,B,2085,1790608989.7527227,187.473757046,1610612736,40,524288,0,140681989324800
pair-1,c0a64ce4984ff8d17ead07fb234e197d,c27121a3fa22de43dfa09e204b86122d,c29a5846c2bb3c615bb62c7314c9b9e2,GPU-7d708c42-8d4a-16d5-0746-474567157aa3,1790608990.7698116,PROGRESS,B,2085,1790608990.7714596,188.492493543,1610612736,41,524288,0,140681989324800
pair-1,c0a64ce4984ff8d17ead07fb234e197d,c27121a3fa22de43dfa09e204b86122d,c29a5846c2bb3c615bb62c7314c9b9e2,GPU-7d708c42-8d4a-16d5-0746-474567157aa3,1790608991.7866,PROGRESS,B,2085,1790608991.788375,189.509409079,1610612736,42,524288,0,140681989324800
pair-1,c0a64ce4984ff8d17ead07fb234e197d,c27121a3fa22de43dfa09e204b86122d,c29a5846c2bb3c615bb62c7314c9b9e2,GPU-7d708c42-8d4a-16d5-0746-474567157aa3,1790608992.8042843,PROGRESS,B,2085,1790608992.8063002,190.527334277,1610612736,43,524288,0,140681989324800
pair-1,c0a64ce4984ff8d17ead07fb234e197d,c27121a3fa22de43dfa09e204b86122d,c29a5846c2bb3c615bb62c7314c9b9e2,GPU-7d708c42-8d4a-16d5-0746-474567157aa3,1790608993.8213568,PROGRESS,B,2085,1790608993.823146,191.544180279,1610612736,44,524288,0,140681989324800
pair-1,c0a64ce4984ff8d17ead07fb234e197d,c27121a3fa22de43dfa09e204b86122d,c29a5846c2bb3c615bb62c7314c9b9e2,GPU-7d708c42-8d4a-16d5-0746-474567157aa3,1790608994.8400445,PROGRESS,B,2085,1790608994.8418946,192.562928772,1610612736,45,524288,0,140681989324800
pair-1,c0a64ce4984ff8d17ead07fb234e197d,c27121a3fa22de43dfa09e204b86122d,c29a5846c2bb3c615bb62c7314c9b9e2,GPU-7d708c42-8d4a-16d5-0746-474567157aa3,1790608995.1115217,PROGRESS,B,2085,1790608995.1132932,192.834327347,1610612736,46,524288,0,140681989324800
pair-2,d2a9719167f7afaf573928dab721b69c,e373f12b96d47ecaadd39435acd21b8d,4ab2c9b9b194a77f3d16fdb330de8d5c,GPU-7d708c42-8d4a-16d5-0746-474567157aa3,1790609088.7326436,PROGRESS,A,2056,1790609088.806847,27.25161292,2097152,1,524288,0,140213969182720
pair-2,d2a9719167f7afaf573928dab721b69c,e373f12b96d47ecaadd39435acd21b8d,4ab2c9b9b194a77f3d16fdb330de8d5c,GPU-7d708c42-8d4a-16d5-0746-474567157aa3,1790609123.3798804,PROGRESS,A,2056,1790609123.3879385,61.832704284,134217728,2,524288,0,140213636562944
pair-2,d2a9719167f7afaf573928dab721b69c,e373f12b96d47ecaadd39435acd21b8d,4ab2c9b9b194a77f3d16fdb330de8d5c,GPU-7d708c42-8d4a-16d5-0746-474567157aa3,1790609124.403278,PROGRESS,A,2056,1790609124.410226,62.854991618,134217728,3,524288,0,140213636562944
pair-2,d2a9719167f7afaf573928dab721b69c,e373f12b96d47ecaadd39435acd21b8d,4ab2c9b9b194a77f3d16fdb330de8d5c,GPU-7d708c42-8d4a-16d5-0746-474567157aa3,1790609125.4223251,PROGRESS,A,2056,1790609125.4284163,63.873181913,134217728,4,524288,0,140213636562944
pair-2,d2a9719167f7afaf573928dab721b69c,e373f12b96d47ecaadd39435acd21b8d,4ab2c9b9b194a77f3d16fdb330de8d5c,GPU-7d708c42-8d4a-16d5-0746-474567157aa3,1790609126.4465342,PROGRESS,A,2056,1790609126.4519753,64.896740881,134217728,5,524288,0,140213636562944
pair-2,d2a9719167f7afaf573928dab721b69c,e373f12b96d47ecaadd39435acd21b8d,4ab2c9b9b194a77f3d16fdb330de8d5c,GPU-7d708c42-8d4a-16d5-0746-474567157aa3,1790609127.464587,PROGRESS,A,2056,1790609127.4694285,65.91419414,134217728,6,524288,0,140213636562944
pair-2,d2a9719167f7afaf573928dab721b69c,e373f12b96d47ecaadd39435acd21b8d,4ab2c9b9b194a77f3d16fdb330de8d5c,GPU-7d708c42-8d4a-16d5-0746-474567157aa3,1790609128.4827347,PROGRESS,A,2056,1790609128.4872024,66.931967916,134217728,7,524288,0,140213636562944
pair-2,d2a9719167f7afaf573928dab721b69c,e373f12b96d47ecaadd39435acd21b8d,4ab2c9b9b194a77f3d16fdb330de8d5c,GPU-7d708c42-8d4a-16d5-0746-474567157aa3,1790609129.500833,PROGRESS,A,2056,1790609129.5047126,67.949477981,134217728,8,524288,0,140213636562944
pair-2,d2a9719167f7afaf573928dab721b69c,e373f12b96d47ecaadd39435acd21b8d,4ab2c9b9b194a77f3d16fdb330de8d5c,GPU-7d708c42-8d4a-16d5-0746-474567157aa3,1790609130.518245,PROGRESS,A,2056,1790609130.5218608,68.966626434,134217728,9,524288,0,140213636562944
pair-2,d2a9719167f7afaf573928dab721b69c,e373f12b96d47ecaadd39435acd21b8d,4ab2c9b9b194a77f3d16fdb330de8d5c,GPU-7d708c42-8d4a-16d5-0746-474567157aa3,1790609131.5355752,PROGRESS,A,2056,1790609131.5389485,69.983714125,134217728,10,524288,0,140213636562944
pair-2,d2a9719167f7afaf573928dab721b69c,e373f12b96d47ecaadd39435acd21b8d,4ab2c9b9b194a77f3d16fdb330de8d5c,GPU-7d708c42-8d4a-16d5-0746-474567157aa3,1790609132.5529807,PROGRESS,A,2056,1790609132.5559733,71.000738921,134217728,11,524288,0,140213636562944
pair-2,d2a9719167f7afaf573928dab721b69c,e373f12b96d47ecaadd39435acd21b8d,4ab2c9b9b194a77f3d16fdb330de8d5c,GPU-7d708c42-8d4a-16d5-0746-474567157aa3,1790609133.5702646,PROGRESS,A,2056,1790609133.5729058,72.017671508,134217728,12,524288,0,140213636562944
pair-2,d2a9719167f7afaf573928dab721b69c,e373f12b96d47ecaadd39435acd21b8d,4ab2c9b9b194a77f3d16fdb330de8d5c,GPU-7d708c42-8d4a-16d5-0746-474567157aa3,1790609134.3733647,PROGRESS,A,2056,1790609134.3757527,72.820518267,134217728,13,524288,0,140213636562944
pair-2,8baeafcc115d4d8d65cc12388a5521a1,ee1e89f6693e4535275229a6bf0828bd,69b1f51415b42a863b930db7fe48da5a,GPU-7d708c42-8d4a-16d5-0746-474567157aa3,1790609089.285144,PROGRESS,B,2060,1790609088.6684575,29.143965805,2097152,1,524288,0,140181589778432
pair-2,8baeafcc115d4d8d65cc12388a5521a1,ee1e89f6693e4535275229a6bf0828bd,69b1f51415b42a863b930db7fe48da5a,GPU-7d708c42-8d4a-16d5-0746-474567157aa3,1790609101.3188417,PROGRESS,B,2060,1790609100.702624,41.178132324,1610612736,2,524288,0,140179813695488
pair-2,8baeafcc115d4d8d65cc12388a5521a1,ee1e89f6693e4535275229a6bf0828bd,69b1f51415b42a863b930db7fe48da5a,GPU-7d708c42-8d4a-16d5-0746-474567157aa3,1790609102.3384726,PROGRESS,B,2060,1790609101.7219613,42.197469603,1610612736,3,524288,0,140179813695488
pair-2,8baeafcc115d4d8d65cc12388a5521a1,ee1e89f6693e4535275229a6bf0828bd,69b1f51415b42a863b930db7fe48da5a,GPU-7d708c42-8d4a-16d5-0746-474567157aa3,1790609103.3569539,PROGRESS,B,2060,1790609102.7406273,43.216135453,1610612736,4,524288,0,140179813695488
pair-2,8baeafcc115d4d8d65cc12388a5521a1,ee1e89f6693e4535275229a6bf0828bd,69b1f51415b42a863b930db7fe48da5a,GPU-7d708c42-8d4a-16d5-0746-474567157aa3,1790609104.3700924,PROGRESS,B,2060,1790609103.7539458,44.229453919,1610612736,5,524288,0,140179813695488
pair-2,8baeafcc115d4d8d65cc12388a5521a1,ee1e89f6693e4535275229a6bf0828bd,69b1f51415b42a863b930db7fe48da5a,GPU-7d708c42-8d4a-16d5-0746-474567157aa3,1790609105.3878314,PROGRESS,B,2060,1790609105.3863702,45.247307382,1610612736,6,524288,0,140179813695488
pair-2,8baeafcc115d4d8d65cc12388a5521a1,ee1e89f6693e4535275229a6bf0828bd,69b1f51415b42a863b930db7fe48da5a,GPU-7d708c42-8d4a-16d5-0746-474567157aa3,1790609106.4055448,PROGRESS,B,2060,1790609106.4039772,46.264914297,1610612736,7,524288,0,140179813695488
pair-2,8baeafcc115d4d8d65cc12388a5521a1,ee1e89f6693e4535275229a6bf0828bd,69b1f51415b42a863b930db7fe48da5a,GPU-7d708c42-8d4a-16d5-0746-474567157aa3,1790609107.423786,PROGRESS,B,2060,1790609107.4225683,47.283505505,1610612736,8,524288,0,140179813695488
pair-2,8baeafcc115d4d8d65cc12388a5521a1,ee1e89f6693e4535275229a6bf0828bd,69b1f51415b42a863b930db7fe48da5a,GPU-7d708c42-8d4a-16d5-0746-474567157aa3,1790609108.4558346,PROGRESS,B,2060,1790609108.4547665,48.315703672,1610612736,9,524288,0,140179813695488
pair-2,8baeafcc115d4d8d65cc12388a5521a1,ee1e89f6693e4535275229a6bf0828bd,69b1f51415b42a863b930db7fe48da5a,GPU-7d708c42-8d4a-16d5-0746-474567157aa3,1790609109.4734576,PROGRESS,B,2060,1790609109.4717696,49.332706672,1610612736,10,524288,0,140179813695488
pair-2,8baeafcc115d4d8d65cc12388a5521a1,ee1e89f6693e4535275229a6bf0828bd,69b1f51415b42a863b930db7fe48da5a,GPU-7d708c42-8d4a-16d5-0746-474567157aa3,1790609110.4899936,PROGRESS,B,2060,1790609110.4881997,50.349136993,1610612736,11,524288,0,140179813695488
pair-2,8baeafcc115d4d8d65cc12388a5521a1,ee1e89f6693e4535275229a6bf0828bd,69b1f51415b42a863b930db7fe48da5a,GPU-7d708c42-8d4a-16d5-0746-474567157aa3,1790609111.5080416,PROGRESS,B,2060,1790609111.5063498,51.367286884,1610612736,12,524288,0,140179813695488
pair-2,8baeafcc115d4d8d65cc12388a5521a1,ee1e89f6693e4535275229a6bf0828bd,69b1f51415b42a863b930db7fe48da5a,GPU-7d708c42-8d4a-16d5-0746-474567157aa3,1790609112.5255222,PROGRESS,B,2060,1790609112.5238898,52.384826795,1610612736,13,524288,0,140179813695488
pair-2,8baeafcc115d4d8d65cc12388a5521a1,ee1e89f6693e4535275229a6bf0828bd,69b1f51415b42a863b930db7fe48da5a,GPU-7d708c42-8d4a-16d5-0746-474567157aa3,1790609113.5435784,PROGRESS,B,2060,1790609113.5422707,53.403207642,1610612736,14,524288,0,140179813695488
pair-2,8baeafcc115d4d8d65cc12388a5521a1,ee1e89f6693e4535275229a6bf0828bd,69b1f51415b42a863b930db7fe48da5a,GPU-7d708c42-8d4a-16d5-0746-474567157aa3,1790609114.5611827,PROGRESS,B,2060,1790609114.5595891,54.420526176,1610612736,15,524288,0,140179813695488
pair-2,8baeafcc115d4d8d65cc12388a5521a1,ee1e89f6693e4535275229a6bf0828bd,69b1f51415b42a863b930db7fe48da5a,GPU-7d708c42-8d4a-16d5-0746-474567157aa3,1790609115.580167,PROGRESS,B,2060,1790609115.5786602,55.439597295,1610612736,16,524288,0,140179813695488
pair-2,8baeafcc115d4d8d65cc12388a5521a1,ee1e89f6693e4535275229a6bf0828bd,69b1f51415b42a863b930db7fe48da5a,GPU-7d708c42-8d4a-16d5-0746-474567157aa3,1790609116.598984,PROGRESS,B,2060,1790609116.5974178,56.458354949,1610612736,17,524288,0,140179813695488
pair-2,8baeafcc115d4d8d65cc12388a5521a1,ee1e89f6693e4535275229a6bf0828bd,69b1f51415b42a863b930db7fe48da5a,GPU-7d708c42-8d4a-16d5-0746-474567157aa3,1790609117.6143718,PROGRESS,B,2060,1790609117.612941,57.473878211,1610612736,18,524288,0,140179813695488
pair-2,8baeafcc115d4d8d65cc12388a5521a1,ee1e89f6693e4535275229a6bf0828bd,69b1f51415b42a863b930db7fe48da5a,GPU-7d708c42-8d4a-16d5-0746-474567157aa3,1790609118.6286454,PROGRESS,B,2060,1790609118.6276298,58.488566781,1610612736,19,524288,0,140179813695488
pair-2,8baeafcc115d4d8d65cc12388a5521a1,ee1e89f6693e4535275229a6bf0828bd,69b1f51415b42a863b930db7fe48da5a,GPU-7d708c42-8d4a-16d5-0746-474567157aa3,1790609119.648155,PROGRESS,B,2060,1790609119.646856,59.507793255,1610612736,20,524288,0,140179813695488
pair-2,8baeafcc115d4d8d65cc12388a5521a1,ee1e89f6693e4535275229a6bf0828bd,69b1f51415b42a863b930db7fe48da5a,GPU-7d708c42-8d4a-16d5-0746-474567157aa3,1790609120.6673148,PROGRESS,B,2060,1790609120.6658676,60.526804715,1610612736,21,524288,0,140179813695488
pair-2,8baeafcc115d4d8d65cc12388a5521a1,ee1e89f6693e4535275229a6bf0828bd,69b1f51415b42a863b930db7fe48da5a,GPU-7d708c42-8d4a-16d5-0746-474567157aa3,1790609121.6852639,PROGRESS,B,2060,1790609121.6838048,61.544741814,1610612736,22,524288,0,140179813695488
pair-2,8baeafcc115d4d8d65cc12388a5521a1,ee1e89f6693e4535275229a6bf0828bd,69b1f51415b42a863b930db7fe48da5a,GPU-7d708c42-8d4a-16d5-0746-474567157aa3,1790609122.7040534,PROGRESS,B,2060,1790609122.7027953,62.563732473,1610612736,23,524288,0,140179813695488
pair-2,8baeafcc115d4d8d65cc12388a5521a1,ee1e89f6693e4535275229a6bf0828bd,69b1f51415b42a863b930db7fe48da5a,GPU-7d708c42-8d4a-16d5-0746-474567157aa3,1790609123.722507,PROGRESS,B,2060,1790609123.7211454,63.582082309,1610612736,24,524288,0,140179813695488
pair-2,8baeafcc115d4d8d65cc12388a5521a1,ee1e89f6693e4535275229a6bf0828bd,69b1f51415b42a863b930db7fe48da5a,GPU-7d708c42-8d4a-16d5-0746-474567157aa3,1790609124.7408984,PROGRESS,B,2060,1790609124.7395337,64.600470558,1610612736,25,524288,0,140179813695488
pair-2,8baeafcc115d4d8d65cc12388a5521a1,ee1e89f6693e4535275229a6bf0828bd,69b1f51415b42a863b930db7fe48da5a,GPU-7d708c42-8d4a-16d5-0746-474567157aa3,1790609125.7581272,PROGRESS,B,2060,1790609125.7567654,65.617702213,1610612736,26,524288,0,140179813695488
pair-2,8baeafcc115d4d8d65cc12388a5521a1,ee1e89f6693e4535275229a6bf0828bd,69b1f51415b42a863b930db7fe48da5a,GPU-7d708c42-8d4a-16d5-0746-474567157aa3,1790609126.7809854,PROGRESS,B,2060,1790609126.7795372,66.640474009,1610612736,27,524288,0,140179813695488
pair-2,8baeafcc115d4d8d65cc12388a5521a1,ee1e89f6693e4535275229a6bf0828bd,69b1f51415b42a863b930db7fe48da5a,GPU-7d708c42-8d4a-16d5-0746-474567157aa3,1790609127.8010538,PROGRESS,B,2060,1790609127.799744,67.660680897,1610612736,28,524288,0,140179813695488
pair-2,8baeafcc115d4d8d65cc12388a5521a1,ee1e89f6693e4535275229a6bf0828bd,69b1f51415b42a863b930db7fe48da5a,GPU-7d708c42-8d4a-16d5-0746-474567157aa3,1790609128.8205402,PROGRESS,B,2060,1790609128.8193305,68.680267385,1610612736,29,524288,0,140179813695488
pair-2,8baeafcc115d4d8d65cc12388a5521a1,ee1e89f6693e4535275229a6bf0828bd,69b1f51415b42a863b930db7fe48da5a,GPU-7d708c42-8d4a-16d5-0746-474567157aa3,1790609129.8381095,PROGRESS,B,2060,1790609129.8369765,69.697913681,1610612736,30,524288,0,140179813695488
pair-2,8baeafcc115d4d8d65cc12388a5521a1,ee1e89f6693e4535275229a6bf0828bd,69b1f51415b42a863b930db7fe48da5a,GPU-7d708c42-8d4a-16d5-0746-474567157aa3,1790609130.8561049,PROGRESS,B,2060,1790609130.8550165,70.715953652,1610612736,31,524288,0,140179813695488
pair-2,8baeafcc115d4d8d65cc12388a5521a1,ee1e89f6693e4535275229a6bf0828bd,69b1f51415b42a863b930db7fe48da5a,GPU-7d708c42-8d4a-16d5-0746-474567157aa3,1790609131.8729253,PROGRESS,B,2060,1790609131.8717046,71.732641346,1610612736,32,524288,0,140179813695488
pair-2,8baeafcc115d4d8d65cc12388a5521a1,ee1e89f6693e4535275229a6bf0828bd,69b1f51415b42a863b930db7fe48da5a,GPU-7d708c42-8d4a-16d5-0746-474567157aa3,1790609132.8899567,PROGRESS,B,2060,1790609132.8890698,72.750006684,1610612736,33,524288,0,140179813695488
pair-2,8baeafcc115d4d8d65cc12388a5521a1,ee1e89f6693e4535275229a6bf0828bd,69b1f51415b42a863b930db7fe48da5a,GPU-7d708c42-8d4a-16d5-0746-474567157aa3,1790609133.9076457,PROGRESS,B,2060,1790609133.906736,73.767672691,1610612736,34,524288,0,140179813695488
pair-2,8baeafcc115d4d8d65cc12388a5521a1,ee1e89f6693e4535275229a6bf0828bd,69b1f51415b42a863b930db7fe48da5a,GPU-7d708c42-8d4a-16d5-0746-474567157aa3,1790609134.9264345,PROGRESS,B,2060,1790609134.9252644,74.78620116,1610612736,35,524288,0,140179813695488
pair-2,8baeafcc115d4d8d65cc12388a5521a1,ee1e89f6693e4535275229a6bf0828bd,69b1f51415b42a863b930db7fe48da5a,GPU-7d708c42-8d4a-16d5-0746-474567157aa3,1790609135.9444978,PROGRESS,B,2060,1790609135.9434042,75.804341132,1610612736,36,524288,0,140179813695488
pair-2,8baeafcc115d4d8d65cc12388a5521a1,ee1e89f6693e4535275229a6bf0828bd,69b1f51415b42a863b930db7fe48da5a,GPU-7d708c42-8d4a-16d5-0746-474567157aa3,1790609136.9620595,PROGRESS,B,2060,1790609136.9612224,76.822159567,1610612736,37,524288,0,140179813695488
pair-2,8baeafcc115d4d8d65cc12388a5521a1,ee1e89f6693e4535275229a6bf0828bd,69b1f51415b42a863b930db7fe48da5a,GPU-7d708c42-8d4a-16d5-0746-474567157aa3,1790609137.980552,PROGRESS,B,2060,1790609137.979509,77.840446143,1610612736,38,524288,0,140179813695488
pair-2,8baeafcc115d4d8d65cc12388a5521a1,ee1e89f6693e4535275229a6bf0828bd,69b1f51415b42a863b930db7fe48da5a,GPU-7d708c42-8d4a-16d5-0746-474567157aa3,1790609139.0004845,PROGRESS,B,2060,1790609138.999375,78.860312252,1610612736,39,524288,0,140179813695488
pair-2,8baeafcc115d4d8d65cc12388a5521a1,ee1e89f6693e4535275229a6bf0828bd,69b1f51415b42a863b930db7fe48da5a,GPU-7d708c42-8d4a-16d5-0746-474567157aa3,1790609140.0191233,PROGRESS,B,2060,1790609140.0179582,79.878895108,1610612736,40,524288,0,140179813695488
pair-2,8baeafcc115d4d8d65cc12388a5521a1,ee1e89f6693e4535275229a6bf0828bd,69b1f51415b42a863b930db7fe48da5a,GPU-7d708c42-8d4a-16d5-0746-474567157aa3,1790609141.0349555,PROGRESS,B,2060,1790609141.0342104,80.895147485,1610612736,41,524288,0,140179813695488
pair-2,8baeafcc115d4d8d65cc12388a5521a1,ee1e89f6693e4535275229a6bf0828bd,69b1f51415b42a863b930db7fe48da5a,GPU-7d708c42-8d4a-16d5-0746-474567157aa3,1790609142.0534081,PROGRESS,B,2060,1790609142.0522206,81.913157787,1610612736,42,524288,0,140179813695488
pair-2,8baeafcc115d4d8d65cc12388a5521a1,ee1e89f6693e4535275229a6bf0828bd,69b1f51415b42a863b930db7fe48da5a,GPU-7d708c42-8d4a-16d5-0746-474567157aa3,1790609143.0725086,PROGRESS,B,2060,1790609143.0712028,82.932139834,1610612736,43,524288,0,140179813695488
pair-2,8baeafcc115d4d8d65cc12388a5521a1,ee1e89f6693e4535275229a6bf0828bd,69b1f51415b42a863b930db7fe48da5a,GPU-7d708c42-8d4a-16d5-0746-474567157aa3,1790609144.1048481,PROGRESS,B,2060,1790609144.103537,83.96447399,1610612736,44,524288,0,140179813695488
pair-2,8baeafcc115d4d8d65cc12388a5521a1,ee1e89f6693e4535275229a6bf0828bd,69b1f51415b42a863b930db7fe48da5a,GPU-7d708c42-8d4a-16d5-0746-474567157aa3,1790609145.1232646,PROGRESS,B,2060,1790609145.1219332,84.982870304,1610612736,45,524288,0,140179813695488
pair-2,8baeafcc115d4d8d65cc12388a5521a1,ee1e89f6693e4535275229a6bf0828bd,69b1f51415b42a863b930db7fe48da5a,GPU-7d708c42-8d4a-16d5-0746-474567157aa3,1790609145.374424,PROGRESS,B,2060,1790609145.3734288,85.234365911,1610612736,46,524288,0,140179813695488
pair-3,76db841f9d20dfd4301c94e37d8c04d1,fc77735896503a5b9652e59ae456fc2d,aa1b9c1bb5504064d4b70ce41d5d8725,GPU-7d708c42-8d4a-16d5-0746-474567157aa3,1790609238.9161346,PROGRESS,A,2058,1790609238.3972046,27.845708604,2097152,1,524288,0,140414746652672
pair-3,76db841f9d20dfd4301c94e37d8c04d1,fc77735896503a5b9652e59ae456fc2d,aa1b9c1bb5504064d4b70ce41d5d8725,GPU-7d708c42-8d4a-16d5-0746-474567157aa3,1790609273.7319405,PROGRESS,A,2058,1790609273.7297785,62.662444606,134217728,2,524288,0,140414426284032
pair-3,76db841f9d20dfd4301c94e37d8c04d1,fc77735896503a5b9652e59ae456fc2d,aa1b9c1bb5504064d4b70ce41d5d8725,GPU-7d708c42-8d4a-16d5-0746-474567157aa3,1790609274.748874,PROGRESS,A,2058,1790609274.7466698,63.679336117,134217728,3,524288,0,140414426284032
pair-3,76db841f9d20dfd4301c94e37d8c04d1,fc77735896503a5b9652e59ae456fc2d,aa1b9c1bb5504064d4b70ce41d5d8725,GPU-7d708c42-8d4a-16d5-0746-474567157aa3,1790609275.7663956,PROGRESS,A,2058,1790609275.7640507,64.696716965,134217728,4,524288,0,140414426284032
pair-3,76db841f9d20dfd4301c94e37d8c04d1,fc77735896503a5b9652e59ae456fc2d,aa1b9c1bb5504064d4b70ce41d5d8725,GPU-7d708c42-8d4a-16d5-0746-474567157aa3,1790609276.790519,PROGRESS,A,2058,1790609276.7880716,65.720737925,134217728,5,524288,0,140414426284032
pair-3,76db841f9d20dfd4301c94e37d8c04d1,fc77735896503a5b9652e59ae456fc2d,aa1b9c1bb5504064d4b70ce41d5d8725,GPU-7d708c42-8d4a-16d5-0746-474567157aa3,1790609277.8070366,PROGRESS,A,2058,1790609277.8046968,66.737363171,134217728,6,524288,0,140414426284032
pair-3,76db841f9d20dfd4301c94e37d8c04d1,fc77735896503a5b9652e59ae456fc2d,aa1b9c1bb5504064d4b70ce41d5d8725,GPU-7d708c42-8d4a-16d5-0746-474567157aa3,1790609278.8230348,PROGRESS,A,2058,1790609278.8208265,67.753492816,134217728,7,524288,0,140414426284032
pair-3,76db841f9d20dfd4301c94e37d8c04d1,fc77735896503a5b9652e59ae456fc2d,aa1b9c1bb5504064d4b70ce41d5d8725,GPU-7d708c42-8d4a-16d5-0746-474567157aa3,1790609279.8418882,PROGRESS,A,2058,1790609279.8395817,68.772248185,134217728,8,524288,0,140414426284032
pair-3,76db841f9d20dfd4301c94e37d8c04d1,fc77735896503a5b9652e59ae456fc2d,aa1b9c1bb5504064d4b70ce41d5d8725,GPU-7d708c42-8d4a-16d5-0746-474567157aa3,1790609280.8574612,PROGRESS,A,2058,1790609280.855298,69.787964022,134217728,9,524288,0,140414426284032
pair-3,76db841f9d20dfd4301c94e37d8c04d1,fc77735896503a5b9652e59ae456fc2d,aa1b9c1bb5504064d4b70ce41d5d8725,GPU-7d708c42-8d4a-16d5-0746-474567157aa3,1790609281.8749168,PROGRESS,A,2058,1790609281.872728,70.805394072,134217728,10,524288,0,140414426284032
pair-3,76db841f9d20dfd4301c94e37d8c04d1,fc77735896503a5b9652e59ae456fc2d,aa1b9c1bb5504064d4b70ce41d5d8725,GPU-7d708c42-8d4a-16d5-0746-474567157aa3,1790609282.8932323,PROGRESS,A,2058,1790609282.8911474,71.823813652,134217728,11,524288,0,140414426284032
pair-3,76db841f9d20dfd4301c94e37d8c04d1,fc77735896503a5b9652e59ae456fc2d,aa1b9c1bb5504064d4b70ce41d5d8725,GPU-7d708c42-8d4a-16d5-0746-474567157aa3,1790609283.909756,PROGRESS,A,2058,1790609283.9073997,72.840065969,134217728,12,524288,0,140414426284032
pair-3,76db841f9d20dfd4301c94e37d8c04d1,fc77735896503a5b9652e59ae456fc2d,aa1b9c1bb5504064d4b70ce41d5d8725,GPU-7d708c42-8d4a-16d5-0746-474567157aa3,1790609284.715447,PROGRESS,A,2058,1790609284.713243,73.645909242,134217728,13,524288,0,140414426284032
pair-3,7b3a1dfe7f0526e232df34ca38e1fe4e,9a41cd4afb76e0d81fa732203209ac85,c83218167c662289f757c8a667a2e6f2,GPU-7d708c42-8d4a-16d5-0746-474567157aa3,1790609239.3870833,PROGRESS,B,2059,1790609239.320568,30.735475883,2097152,1,524288,0,140045459652608
pair-3,7b3a1dfe7f0526e232df34ca38e1fe4e,9a41cd4afb76e0d81fa732203209ac85,c83218167c662289f757c8a667a2e6f2,GPU-7d708c42-8d4a-16d5-0746-474567157aa3,1790609251.6658542,PROGRESS,B,2059,1790609251.5990696,43.013977601,1610612736,2,524288,0,140043851137024
pair-3,7b3a1dfe7f0526e232df34ca38e1fe4e,9a41cd4afb76e0d81fa732203209ac85,c83218167c662289f757c8a667a2e6f2,GPU-7d708c42-8d4a-16d5-0746-474567157aa3,1790609252.682578,PROGRESS,B,2059,1790609252.616425,44.031332957,1610612736,3,524288,0,140043851137024
pair-3,7b3a1dfe7f0526e232df34ca38e1fe4e,9a41cd4afb76e0d81fa732203209ac85,c83218167c662289f757c8a667a2e6f2,GPU-7d708c42-8d4a-16d5-0746-474567157aa3,1790609253.6990218,PROGRESS,B,2059,1790609253.6375139,45.052421535,1610612736,4,524288,0,140043851137024
pair-3,7b3a1dfe7f0526e232df34ca38e1fe4e,9a41cd4afb76e0d81fa732203209ac85,c83218167c662289f757c8a667a2e6f2,GPU-7d708c42-8d4a-16d5-0746-474567157aa3,1790609254.7123177,PROGRESS,B,2059,1790609254.6584554,46.07336306,1610612736,5,524288,0,140043851137024
pair-3,7b3a1dfe7f0526e232df34ca38e1fe4e,9a41cd4afb76e0d81fa732203209ac85,c83218167c662289f757c8a667a2e6f2,GPU-7d708c42-8d4a-16d5-0746-474567157aa3,1790609255.7302284,PROGRESS,B,2059,1790609255.6827617,47.097669465,1610612736,6,524288,0,140043851137024
pair-3,7b3a1dfe7f0526e232df34ca38e1fe4e,9a41cd4afb76e0d81fa732203209ac85,c83218167c662289f757c8a667a2e6f2,GPU-7d708c42-8d4a-16d5-0746-474567157aa3,1790609256.747997,PROGRESS,B,2059,1790609256.7067845,48.121692342,1610612736,7,524288,0,140043851137024
pair-3,7b3a1dfe7f0526e232df34ca38e1fe4e,9a41cd4afb76e0d81fa732203209ac85,c83218167c662289f757c8a667a2e6f2,GPU-7d708c42-8d4a-16d5-0746-474567157aa3,1790609257.7617764,PROGRESS,B,2059,1790609257.725325,49.140233015,1610612736,8,524288,0,140043851137024
pair-3,7b3a1dfe7f0526e232df34ca38e1fe4e,9a41cd4afb76e0d81fa732203209ac85,c83218167c662289f757c8a667a2e6f2,GPU-7d708c42-8d4a-16d5-0746-474567157aa3,1790609258.7768016,PROGRESS,B,2059,1790609258.7450438,50.159951529,1610612736,9,524288,0,140043851137024
pair-3,7b3a1dfe7f0526e232df34ca38e1fe4e,9a41cd4afb76e0d81fa732203209ac85,c83218167c662289f757c8a667a2e6f2,GPU-7d708c42-8d4a-16d5-0746-474567157aa3,1790609259.7967906,PROGRESS,B,2059,1790609259.769043,51.1839508,1610612736,10,524288,0,140043851137024
pair-3,7b3a1dfe7f0526e232df34ca38e1fe4e,9a41cd4afb76e0d81fa732203209ac85,c83218167c662289f757c8a667a2e6f2,GPU-7d708c42-8d4a-16d5-0746-474567157aa3,1790609260.814299,PROGRESS,B,2059,1790609260.7895763,52.204484139,1610612736,11,524288,0,140043851137024
pair-3,7b3a1dfe7f0526e232df34ca38e1fe4e,9a41cd4afb76e0d81fa732203209ac85,c83218167c662289f757c8a667a2e6f2,GPU-7d708c42-8d4a-16d5-0746-474567157aa3,1790609261.832939,PROGRESS,B,2059,1790609261.8114445,53.226352419,1610612736,12,524288,0,140043851137024
pair-3,7b3a1dfe7f0526e232df34ca38e1fe4e,9a41cd4afb76e0d81fa732203209ac85,c83218167c662289f757c8a667a2e6f2,GPU-7d708c42-8d4a-16d5-0746-474567157aa3,1790609262.848599,PROGRESS,B,2059,1790609262.82958,54.244487792,1610612736,13,524288,0,140043851137024
pair-3,7b3a1dfe7f0526e232df34ca38e1fe4e,9a41cd4afb76e0d81fa732203209ac85,c83218167c662289f757c8a667a2e6f2,GPU-7d708c42-8d4a-16d5-0746-474567157aa3,1790609263.8637908,PROGRESS,B,2059,1790609263.8470144,55.261922294,1610612736,14,524288,0,140043851137024
pair-3,7b3a1dfe7f0526e232df34ca38e1fe4e,9a41cd4afb76e0d81fa732203209ac85,c83218167c662289f757c8a667a2e6f2,GPU-7d708c42-8d4a-16d5-0746-474567157aa3,1790609264.8787427,PROGRESS,B,2059,1790609264.8641944,56.279102408,1610612736,15,524288,0,140043851137024
pair-3,7b3a1dfe7f0526e232df34ca38e1fe4e,9a41cd4afb76e0d81fa732203209ac85,c83218167c662289f757c8a667a2e6f2,GPU-7d708c42-8d4a-16d5-0746-474567157aa3,1790609265.8960164,PROGRESS,B,2059,1790609265.883092,57.297999932,1610612736,16,524288,0,140043851137024
pair-3,7b3a1dfe7f0526e232df34ca38e1fe4e,9a41cd4afb76e0d81fa732203209ac85,c83218167c662289f757c8a667a2e6f2,GPU-7d708c42-8d4a-16d5-0746-474567157aa3,1790609266.9138913,PROGRESS,B,2059,1790609266.9024913,58.31739909,1610612736,17,524288,0,140043851137024
pair-3,7b3a1dfe7f0526e232df34ca38e1fe4e,9a41cd4afb76e0d81fa732203209ac85,c83218167c662289f757c8a667a2e6f2,GPU-7d708c42-8d4a-16d5-0746-474567157aa3,1790609267.930735,PROGRESS,B,2059,1790609267.9207482,59.33565606,1610612736,18,524288,0,140043851137024
pair-3,7b3a1dfe7f0526e232df34ca38e1fe4e,9a41cd4afb76e0d81fa732203209ac85,c83218167c662289f757c8a667a2e6f2,GPU-7d708c42-8d4a-16d5-0746-474567157aa3,1790609268.9469337,PROGRESS,B,2059,1790609268.937924,60.352831679,1610612736,19,524288,0,140043851137024
pair-3,7b3a1dfe7f0526e232df34ca38e1fe4e,9a41cd4afb76e0d81fa732203209ac85,c83218167c662289f757c8a667a2e6f2,GPU-7d708c42-8d4a-16d5-0746-474567157aa3,1790609269.9625,PROGRESS,B,2059,1790609269.9543808,61.369288524,1610612736,20,524288,0,140043851137024
pair-3,7b3a1dfe7f0526e232df34ca38e1fe4e,9a41cd4afb76e0d81fa732203209ac85,c83218167c662289f757c8a667a2e6f2,GPU-7d708c42-8d4a-16d5-0746-474567157aa3,1790609270.9789994,PROGRESS,B,2059,1790609270.9719915,62.386899368,1610612736,21,524288,0,140043851137024
pair-3,7b3a1dfe7f0526e232df34ca38e1fe4e,9a41cd4afb76e0d81fa732203209ac85,c83218167c662289f757c8a667a2e6f2,GPU-7d708c42-8d4a-16d5-0746-474567157aa3,1790609271.99815,PROGRESS,B,2059,1790609271.9917433,63.406651254,1610612736,22,524288,0,140043851137024
pair-3,7b3a1dfe7f0526e232df34ca38e1fe4e,9a41cd4afb76e0d81fa732203209ac85,c83218167c662289f757c8a667a2e6f2,GPU-7d708c42-8d4a-16d5-0746-474567157aa3,1790609273.0164769,PROGRESS,B,2059,1790609273.0107439,64.425651921,1610612736,23,524288,0,140043851137024
pair-3,7b3a1dfe7f0526e232df34ca38e1fe4e,9a41cd4afb76e0d81fa732203209ac85,c83218167c662289f757c8a667a2e6f2,GPU-7d708c42-8d4a-16d5-0746-474567157aa3,1790609274.034389,PROGRESS,B,2059,1790609274.0292766,65.444184435,1610612736,24,524288,0,140043851137024
pair-3,7b3a1dfe7f0526e232df34ca38e1fe4e,9a41cd4afb76e0d81fa732203209ac85,c83218167c662289f757c8a667a2e6f2,GPU-7d708c42-8d4a-16d5-0746-474567157aa3,1790609275.0524828,PROGRESS,B,2059,1790609275.047842,66.462749955,1610612736,25,524288,0,140043851137024
pair-3,7b3a1dfe7f0526e232df34ca38e1fe4e,9a41cd4afb76e0d81fa732203209ac85,c83218167c662289f757c8a667a2e6f2,GPU-7d708c42-8d4a-16d5-0746-474567157aa3,1790609276.0698054,PROGRESS,B,2059,1790609276.0656266,67.480534543,1610612736,26,524288,0,140043851137024
pair-3,7b3a1dfe7f0526e232df34ca38e1fe4e,9a41cd4afb76e0d81fa732203209ac85,c83218167c662289f757c8a667a2e6f2,GPU-7d708c42-8d4a-16d5-0746-474567157aa3,1790609277.0910704,PROGRESS,B,2059,1790609277.0873604,68.502268205,1610612736,27,524288,0,140043851137024
pair-3,7b3a1dfe7f0526e232df34ca38e1fe4e,9a41cd4afb76e0d81fa732203209ac85,c83218167c662289f757c8a667a2e6f2,GPU-7d708c42-8d4a-16d5-0746-474567157aa3,1790609278.109532,PROGRESS,B,2059,1790609278.106279,69.521186672,1610612736,28,524288,0,140043851137024
pair-3,7b3a1dfe7f0526e232df34ca38e1fe4e,9a41cd4afb76e0d81fa732203209ac85,c83218167c662289f757c8a667a2e6f2,GPU-7d708c42-8d4a-16d5-0746-474567157aa3,1790609279.1265264,PROGRESS,B,2059,1790609279.1236813,70.538589022,1610612736,29,524288,0,140043851137024
pair-3,7b3a1dfe7f0526e232df34ca38e1fe4e,9a41cd4afb76e0d81fa732203209ac85,c83218167c662289f757c8a667a2e6f2,GPU-7d708c42-8d4a-16d5-0746-474567157aa3,1790609280.1464214,PROGRESS,B,2059,1790609280.1436696,71.558577382,1610612736,30,524288,0,140043851137024
pair-3,7b3a1dfe7f0526e232df34ca38e1fe4e,9a41cd4afb76e0d81fa732203209ac85,c83218167c662289f757c8a667a2e6f2,GPU-7d708c42-8d4a-16d5-0746-474567157aa3,1790609281.1632533,PROGRESS,B,2059,1790609281.1609366,72.575844469,1610612736,31,524288,0,140043851137024
pair-3,7b3a1dfe7f0526e232df34ca38e1fe4e,9a41cd4afb76e0d81fa732203209ac85,c83218167c662289f757c8a667a2e6f2,GPU-7d708c42-8d4a-16d5-0746-474567157aa3,1790609282.18083,PROGRESS,B,2059,1790609282.1786077,73.593515643,1610612736,32,524288,0,140043851137024
pair-3,7b3a1dfe7f0526e232df34ca38e1fe4e,9a41cd4afb76e0d81fa732203209ac85,c83218167c662289f757c8a667a2e6f2,GPU-7d708c42-8d4a-16d5-0746-474567157aa3,1790609283.1972787,PROGRESS,B,2059,1790609283.195292,74.610199903,1610612736,33,524288,0,140043851137024
pair-3,7b3a1dfe7f0526e232df34ca38e1fe4e,9a41cd4afb76e0d81fa732203209ac85,c83218167c662289f757c8a667a2e6f2,GPU-7d708c42-8d4a-16d5-0746-474567157aa3,1790609284.2150629,PROGRESS,B,2059,1790609284.2131758,75.628083793,1610612736,34,524288,0,140043851137024
pair-3,7b3a1dfe7f0526e232df34ca38e1fe4e,9a41cd4afb76e0d81fa732203209ac85,c83218167c662289f757c8a667a2e6f2,GPU-7d708c42-8d4a-16d5-0746-474567157aa3,1790609285.2329888,PROGRESS,B,2059,1790609285.231802,76.646709786,1610612736,35,524288,0,140043851137024
pair-3,7b3a1dfe7f0526e232df34ca38e1fe4e,9a41cd4afb76e0d81fa732203209ac85,c83218167c662289f757c8a667a2e6f2,GPU-7d708c42-8d4a-16d5-0746-474567157aa3,1790609286.2492692,PROGRESS,B,2059,1790609286.2479508,77.662858689,1610612736,36,524288,0,140043851137024
pair-3,7b3a1dfe7f0526e232df34ca38e1fe4e,9a41cd4afb76e0d81fa732203209ac85,c83218167c662289f757c8a667a2e6f2,GPU-7d708c42-8d4a-16d5-0746-474567157aa3,1790609287.2682185,PROGRESS,B,2059,1790609287.2667632,78.681671028,1610612736,37,524288,0,140043851137024
pair-3,7b3a1dfe7f0526e232df34ca38e1fe4e,9a41cd4afb76e0d81fa732203209ac85,c83218167c662289f757c8a667a2e6f2,GPU-7d708c42-8d4a-16d5-0746-474567157aa3,1790609288.3051596,PROGRESS,B,2059,1790609288.3037386,79.718646433,1610612736,38,524288,0,140043851137024
pair-3,7b3a1dfe7f0526e232df34ca38e1fe4e,9a41cd4afb76e0d81fa732203209ac85,c83218167c662289f757c8a667a2e6f2,GPU-7d708c42-8d4a-16d5-0746-474567157aa3,1790609289.323956,PROGRESS,B,2059,1790609289.3225563,80.737464094,1610612736,39,524288,0,140043851137024
pair-3,7b3a1dfe7f0526e232df34ca38e1fe4e,9a41cd4afb76e0d81fa732203209ac85,c83218167c662289f757c8a667a2e6f2,GPU-7d708c42-8d4a-16d5-0746-474567157aa3,1790609290.340898,PROGRESS,B,2059,1790609290.339763,81.754670696,1610612736,40,524288,0,140043851137024
pair-3,7b3a1dfe7f0526e232df34ca38e1fe4e,9a41cd4afb76e0d81fa732203209ac85,c83218167c662289f757c8a667a2e6f2,GPU-7d708c42-8d4a-16d5-0746-474567157aa3,1790609291.3567255,PROGRESS,B,2059,1790609291.3557732,82.770681074,1610612736,41,524288,0,140043851137024
pair-3,7b3a1dfe7f0526e232df34ca38e1fe4e,9a41cd4afb76e0d81fa732203209ac85,c83218167c662289f757c8a667a2e6f2,GPU-7d708c42-8d4a-16d5-0746-474567157aa3,1790609292.376639,PROGRESS,B,2059,1790609292.3754823,83.790390193,1610612736,42,524288,0,140043851137024
pair-3,7b3a1dfe7f0526e232df34ca38e1fe4e,9a41cd4afb76e0d81fa732203209ac85,c83218167c662289f757c8a667a2e6f2,GPU-7d708c42-8d4a-16d5-0746-474567157aa3,1790609293.3941896,PROGRESS,B,2059,1790609293.3929992,84.807906999,1610612736,43,524288,0,140043851137024
pair-3,7b3a1dfe7f0526e232df34ca38e1fe4e,9a41cd4afb76e0d81fa732203209ac85,c83218167c662289f757c8a667a2e6f2,GPU-7d708c42-8d4a-16d5-0746-474567157aa3,1790609294.4120104,PROGRESS,B,2059,1790609294.4106529,85.825560551,1610612736,44,524288,0,140043851137024
pair-3,7b3a1dfe7f0526e232df34ca38e1fe4e,9a41cd4afb76e0d81fa732203209ac85,c83218167c662289f757c8a667a2e6f2,GPU-7d708c42-8d4a-16d5-0746-474567157aa3,1790609295.4291673,PROGRESS,B,2059,1790609295.4282112,86.843118939,1610612736,45,524288,0,140043851137024
pair-3,7b3a1dfe7f0526e232df34ca38e1fe4e,9a41cd4afb76e0d81fa732203209ac85,c83218167c662289f757c8a667a2e6f2,GPU-7d708c42-8d4a-16d5-0746-474567157aa3,1790609295.7162933,PROGRESS,B,2059,1790609295.7154486,87.130356532,1610612736,46,524288,0,140043851137024
