mode,bytes,metric,path,n_sessions,mean,sample_sd,cv,min,max,unit
copy,4096,d2h_complete,N,1,7.96621752264386,0,0.0,7.96621752264386,7.96621752264386,us
copy,4096,h2d_complete,N,1,6.639343190143971,0,0.0,6.639343190143971,6.639343190143971,us
copy,4194304,d2h_complete,N,1,234.79009525811728,0,0.0,234.79009525811728,234.79009525811728,us
copy,4194304,h2d_complete,N,1,232.29275599159078,0,0.0,232.29275599159078,232.29275599159078,us
kernel,1048576,launch_return,N,1,1.4618104320335255,0,0.0,1.4618104320335255,1.4618104320335255,us
kernel,1048576,launch_sync_complete,N,1,7.861762869973297,0,0.0,7.861762869973297,7.861762869973297,us
query,1048576,query_return,N,1,6.561188819335809,0,0.0,6.561188819335809,6.561188819335809,us
resident,2097152,throughput,N,1,113769.98715343,0,0.0,113769.98715343,113769.98715343,operations/s
transfer,2097152,throughput,N,1,3859.004597826,0,0.0,3859.004597826,3859.004597826,operations/s
