phase,workload,compute,metric,n,mean,stddev,min,max
C5-time,long,25,throughput,3,52.42316967633333,0.02654597612692792,52.394077635,52.446078035
C5-time,long,50,throughput,3,52.361323176,0.15015396130330988,52.225230032,52.522403098
C5-time,long,100,throughput,3,52.39439340966667,0.0681400392634635,52.332890963,52.467643477
C5-time,short,25,throughput,3,355.17189280099996,1.4477745012212508,353.874529136,356.73363906
C5-time,short,50,throughput,3,354.50709978133335,1.2499651273079706,353.440181231,355.88238827
C5-time,short,100,throughput,3,354.9021701963333,0.9808347459263953,353.777988308,355.583416964
C5-time,long,25,elapsed_seconds,3,60.005274542,0.0013060246514636907,60.004486854,60.006782101
C5-time,long,50,elapsed_seconds,3,60.01248679533333,0.003177368521452892,60.00930964,60.015664377
C5-time,long,100,elapsed_seconds,3,60.006412342666664,0.00998623969244916,60.00050718,60.017942323
C5-time,short,25,elapsed_seconds,3,60.00193084366666,0.0007114969247292563,60.001492766,60.002751791
C5-time,short,50,elapsed_seconds,3,60.00068044233333,0.0008546961761534761,60.000159333,60.001666834
C5-time,short,100,elapsed_seconds,3,60.00151038,0.0011159748966991282,60.000826467,60.002798168
C5-time,long,25,gpu_utilization_mean_percent,2,91.93744748800879,0.04972567995055695,91.90228612251663,91.97260885350093
C5-time,long,50,gpu_utilization_mean_percent,3,92.07298830653306,0.17971368110749822,91.86668903746947,92.19556642183606
C5-time,long,100,gpu_utilization_mean_percent,3,92.12385215809466,0.07873466442092575,92.05000741412445,92.20670232909579
C5-time,short,25,gpu_utilization_mean_percent,3,1.0,0.0,1.0,1.0
C5-time,short,50,gpu_utilization_mean_percent,3,1.0,0.0,1.0,1.0
C5-time,short,100,gpu_utilization_mean_percent,3,1.0,0.0,1.0,1.0
