run_id,phase,backend,mode,program,cpu_seconds_observed,process_seconds_covered,mean_cpu_cores_observed,window_seconds
evidence-c28-t-l-100-1,C5-time,shm,resident,flyt-shm-worker,51.23,59.06555104255676,0.8673414383807027,60.00050718
evidence-c28-t-l-100-1,C5-time,shm,resident,qemu-kvm,5.51,59.06555104255676,0.09328618632593542,60.00050718
evidence-c28-t-l-100-2,C5-time,shm,resident,flyt-shm-worker,51.2,59.056978702545166,0.8669593522195108,60.017942323
evidence-c28-t-l-100-2,C5-time,shm,resident,qemu-kvm,6.53,59.056978702545166,0.1105711830076837,60.017942323
evidence-c28-t-l-100-3,C5-time,shm,resident,flyt-shm-worker,51.08,59.05731439590454,0.8649224998206531,60.000787525
evidence-c28-t-l-100-3,C5-time,shm,resident,qemu-kvm,7.14,59.05731439590454,0.1208995036945862,60.000787525
evidence-c28-t-l-25-1,C5-time,shm,resident,flyt-shm-worker,51.21,59.063366651535034,0.8670348966412851,60.004486854
evidence-c28-t-l-25-1,C5-time,shm,resident,qemu-kvm,5.65,59.063366651535034,0.09565997199811094,60.004486854
evidence-c28-t-l-25-2,C5-time,shm,resident,flyt-shm-worker,51.18,59.06007409095764,0.8665752758992201,60.004554671
evidence-c28-t-l-25-2,C5-time,shm,resident,qemu-kvm,6.8100000000000005,59.06007409095764,0.11530632334649647,60.004554671
evidence-c28-t-l-25-3,C5-time,shm,resident,flyt-shm-worker,51.19,59.05911922454834,0.866758608528698,60.006782101
evidence-c28-t-l-25-3,C5-time,shm,resident,qemu-kvm,6.83,59.05911922454834,0.11564683133914842,60.006782101
evidence-c28-t-l-50-1,C5-time,shm,resident,flyt-shm-worker,51.26,59.05914831161499,0.8679434340897673,60.00930964
evidence-c28-t-l-50-1,C5-time,shm,resident,qemu-kvm,5.5200000000000005,59.05914831161499,0.0934656214626515,60.00930964
evidence-c28-t-l-50-2,C5-time,shm,resident,flyt-shm-worker,51.25,59.05902862548828,0.8677758709001503,60.015664377
evidence-c28-t-l-50-2,C5-time,shm,resident,qemu-kvm,6.76,59.05902862548828,0.11446175389824421,60.015664377
evidence-c28-t-l-50-3,C5-time,shm,resident,flyt-shm-worker,51.24,59.058255672454834,0.8676179039926958,60.012486369
evidence-c28-t-l-50-3,C5-time,shm,resident,qemu-kvm,6.45,59.058255672454834,0.10921419751664496,60.012486369
evidence-c28-t-s-100-1,C5-time,shm,resident,flyt-shm-worker,5.72,59.059242248535156,0.09685190297445566,60.002798168
evidence-c28-t-s-100-1,C5-time,shm,resident,qemu-kvm,13.12,59.059242248535156,0.22214981940994027,60.002798168
evidence-c28-t-s-100-2,C5-time,shm,resident,flyt-shm-worker,5.83,59.060426235198975,0.0987124606379055,60.000826467
evidence-c28-t-s-100-2,C5-time,shm,resident,qemu-kvm,14.13,59.060426235198975,0.23924649550833701,60.000826467
evidence-c28-t-s-100-3,C5-time,shm,resident,flyt-shm-worker,5.87,59.05587124824524,0.099397399038024,60.000906505
evidence-c28-t-s-100-3,C5-time,shm,resident,qemu-kvm,14.22,59.05587124824524,0.2407889291858094,60.000906505
evidence-c28-t-s-25-1,C5-time,shm,resident,flyt-shm-worker,5.87,59.0581636428833,0.09939354084043475,60.001492766
evidence-c28-t-s-25-1,C5-time,shm,resident,qemu-kvm,14.12,59.0581636428833,0.23908633674053467,60.001492766
evidence-c28-t-s-25-2,C5-time,shm,resident,flyt-shm-worker,5.92,59.058499336242676,0.10023959407256812,60.002751791
evidence-c28-t-s-25-2,C5-time,shm,resident,qemu-kvm,14.1,59.058499336242676,0.23874633047689367,60.002751791
evidence-c28-t-s-25-3,C5-time,shm,resident,flyt-shm-worker,6.13,59.06015205383301,0.10379248591186387,60.001547974
evidence-c28-t-s-25-3,C5-time,shm,resident,qemu-kvm,13.86,59.06015205383301,0.2346759958790266,60.001547974
evidence-c28-t-s-50-1,C5-time,shm,resident,flyt-shm-worker,5.890000000000001,59.05896973609924,0.0997308288024502,60.000159333
evidence-c28-t-s-50-1,C5-time,shm,resident,qemu-kvm,13.58,59.05896973609924,0.22993966980259312,60.000159333
evidence-c28-t-s-50-2,C5-time,shm,resident,flyt-shm-worker,5.9,59.05602979660034,0.09990512434243665,60.00021516
evidence-c28-t-s-50-2,C5-time,shm,resident,qemu-kvm,13.98,59.05602979660034,0.23672434547580748,60.00021516
evidence-c28-t-s-50-3,C5-time,shm,resident,flyt-shm-worker,5.92,59.0597083568573,0.10023754205201119,60.001666834
evidence-c28-t-s-50-3,C5-time,shm,resident,qemu-kvm,14.22,59.0597083568573,0.24077328513168905,60.001666834
