run_id,phase,repeat,workload,mode,backend,compute,slot,group,gpu_uuid,memory_mib,sessions,host_start,host_end,clock_offset_seconds,clock_uncertainty_seconds,clock_elapsed_discrepancy_seconds,time_alignment,wall_clock_step_detected,seed,iterations,completed,elapsed_seconds,throughput,checked_elements,mismatches,nonfinite,max_absolute_error,max_relative_error,accuracy_valid,released,replaces,gpu_utilization_mean_percent,gpu_sample_coverage_fraction,gpu_utilization_min_percent,gpu_utilization_max_percent,gpu_alignment_valid,primary
evidence-c28-t-l-100-1,C5-time,1,long,resident,shm,100,a,,GPU-7d708c42-8d4a-16d5-0746-474567157aa3,4096,1,1790595493.811362,1790595553.8118691,-0.007864713668823242,0.1990112066268921,-6.368225058395183e-08,guest wall clock minus pre-run offset,False,2026,1048576,3140,60.00050718,52.332890963,524288,0,0,0,0,True,True,,92.20670232909579,1.0,90.0,95.0,True,True
evidence-c28-t-l-100-2,C5-time,2,long,resident,shm,100,a,,GPU-7d708c42-8d4a-16d5-0746-474567157aa3,4096,1,1790596633.460055,1790596693.4779973,-0.5340614318847656,0.22240197658538818,0.7220083338908694,guest monotonic clock plus in-run host bridge,True,2026,1048576,3149,60.017942323,52.467643477,524288,0,0,0,0,True,True,,92.11484673106374,1.0,90.0,95.0,True,True
evidence-c28-t-l-100-3,C5-time,3,long,resident,shm,100,a,,GPU-7d708c42-8d4a-16d5-0746-474567157aa3,4096,1,1790597201.6966777,1790597261.6974652,-0.789820671081543,0.23081207275390625,0.9924428178649904,guest monotonic clock plus in-run host bridge,True,2026,1048576,3143,60.000787525,52.382645789,524288,0,0,0,0,True,True,,92.05000741412445,1.0,90.0,95.0,True,True
evidence-c28-t-l-25-1,C5-time,1,long,resident,shm,25,a,,GPU-7d708c42-8d4a-16d5-0746-474567157aa3,4096,1,1790595782.5032222,1790595843.3268018,-0.6205148696899414,0.2067052125930786,0.8190926957894291,guest wall clock minus pre-run offset,True,2026,1048576,3147,60.004486854,52.446078035,524288,0,0,0,0,True,True,,,1.0,0.0,95.0,False,True
evidence-c28-t-l-25-2,C5-time,2,long,resident,shm,25,a,,GPU-7d708c42-8d4a-16d5-0746-474567157aa3,4096,1,1790596350.201782,1790596410.2063367,-0.29971766471862793,0.2313324213027954,0.5040088475241689,guest monotonic clock plus in-run host bridge,True,2026,1048576,3146,60.004554671,52.429353359,524288,0,0,0,0,True,True,,91.97260885350093,1.0,86.0,95.0,True,True
evidence-c28-t-l-25-3,C5-time,3,long,resident,shm,25,a,,GPU-7d708c42-8d4a-16d5-0746-474567157aa3,4096,1,1790597485.8897626,1790597545.8965447,-0.26825642585754395,0.22507286071777344,0.42657108465368765,guest monotonic clock plus in-run host bridge,True,2026,1048576,3144,60.006782101,52.394077635,524288,0,0,0,0,True,True,,91.90228612251663,1.0,90.0,93.0,True,True
evidence-c28-t-l-50-1,C5-time,1,long,resident,shm,50,a,,GPU-7d708c42-8d4a-16d5-0746-474567157aa3,4096,1,1790595637.091127,1790595697.1004367,-0.11752557754516602,0.20250487327575684,1.2867675991401484e-07,guest wall clock minus pre-run offset,False,2026,1048576,3134,60.00930964,52.225230032,524288,0,0,0,0,True,True,,92.19556642183606,1.0,90.0,95.0,True,True
evidence-c28-t-l-50-2,C5-time,2,long,resident,shm,50,a,,GPU-7d708c42-8d4a-16d5-0746-474567157aa3,4096,1,1790596492.9896867,1790596553.0053513,0.050971269607543945,0.22497379779815674,2.0048413063022963e-07,guest monotonic clock plus in-run host bridge,False,2026,1048576,3141,60.015664377,52.336336398,524288,0,0,0,0,True,True,,91.86668903746947,1.0,90.0,95.0,True,True
evidence-c28-t-l-50-3,C5-time,3,long,resident,shm,50,a,,GPU-7d708c42-8d4a-16d5-0746-474567157aa3,4096,1,1790597344.2366686,1790597404.2491548,-1.1883878707885742,0.2152162790298462,1.3502026492495105,guest monotonic clock plus in-run host bridge,True,2026,1048576,3152,60.012486369,52.522403098,524288,0,0,0,0,True,True,,92.15670946029367,1.0,90.0,94.0,True,True
evidence-c28-t-s-100-1,C5-time,1,short,resident,shm,100,a,,GPU-7d708c42-8d4a-16d5-0746-474567157aa3,4096,1,1790595924.9064238,1790595984.9092221,0.42640161514282227,0.2011018991470337,1.508629168256448e-07,guest wall clock minus pre-run offset,False,2026,1024,21336,60.002798168,355.583416964,524288,0,0,0,0,True,True,,1.0,1.0,1.0,1.0,True,True
evidence-c28-t-s-100-2,C5-time,2,short,resident,shm,100,a,,GPU-7d708c42-8d4a-16d5-0746-474567157aa3,4096,1,1790597061.2275996,1790597121.2284262,0.34790563583374023,0.2254643440246582,1.3021374201116487e-07,guest monotonic clock plus in-run host bridge,False,2026,1024,21321,60.000826467,355.345105317,524288,0,0,0,0,True,True,,1.0,1.0,1.0,1.0,True,True
evidence-c28-t-s-100-3,C5-time,3,short,resident,shm,100,a,,GPU-7d708c42-8d4a-16d5-0746-474567157aa3,4096,1,1790597626.3224382,1790597686.3233447,-0.47800135612487793,0.24801409244537354,0.6910767179614226,guest monotonic clock plus in-run host bridge,True,2026,1024,21227,60.000906505,353.777988308,524288,0,0,0,0,True,True,,1.0,1.0,1.0,1.0,True,True
evidence-c28-t-s-25-1,C5-time,1,short,resident,shm,25,a,,GPU-7d708c42-8d4a-16d5-0746-474567157aa3,4096,1,1790596208.995046,1790596268.9965389,-0.250272274017334,0.25575876235961914,0.4598240579593522,guest monotonic clock plus in-run host bridge,True,2026,1024,21233,60.001492766,353.874529136,524288,0,0,0,0,True,True,,1.0,1.0,1.0,1.0,True,True
evidence-c28-t-s-25-2,C5-time,2,short,resident,shm,25,a,,GPU-7d708c42-8d4a-16d5-0746-474567157aa3,4096,1,1790596774.2815394,1790596834.2842913,0.5187995433807373,0.22637641429901123,3.623998878765633e-08,guest monotonic clock plus in-run host bridge,False,2026,1024,21405,60.002751791,356.73363906,524288,0,0,0,0,True,True,,1.0,1.0,1.0,1.0,True,True
evidence-c28-t-s-25-3,C5-time,3,short,resident,shm,25,a,,GPU-7d708c42-8d4a-16d5-0746-474567157aa3,4096,1,1790597911.7682748,1790597971.7698226,-0.7865440845489502,0.22898173332214355,0.9842758957052027,guest monotonic clock plus in-run host bridge,True,2026,1024,21295,60.001547974,354.907510207,524288,0,0,0,0,True,True,,1.0,1.0,1.0,1.0,True,True
evidence-c28-t-s-50-1,C5-time,1,short,resident,shm,50,a,,GPU-7d708c42-8d4a-16d5-0746-474567157aa3,4096,1,1790596065.7665572,1790596125.7667165,-0.1995525360107422,0.2282731533050537,0.41433232044238366,guest monotonic clock plus in-run host bridge,True,2026,1024,21353,60.000159333,355.88238827,524288,0,0,0,0,True,True,,1.0,1.0,1.0,1.0,True,True
evidence-c28-t-s-50-2,C5-time,2,short,resident,shm,50,a,,GPU-7d708c42-8d4a-16d5-0746-474567157aa3,4096,1,1790596917.984115,1790596977.98433,-0.26872897148132324,0.23006105422973633,0.4698683151129117,guest monotonic clock plus in-run host bridge,True,2026,1024,21252,60.00021516,354.198729843,524288,0,0,0,0,True,True,,1.0,1.0,1.0,1.0,True,True
evidence-c28-t-s-50-3,C5-time,3,short,resident,shm,50,a,,GPU-7d708c42-8d4a-16d5-0746-474567157aa3,4096,1,1790597768.5341914,1790597828.5358582,0.08205485343933105,0.229034423828125,-4.971349909510536e-08,guest monotonic clock plus in-run host bridge,False,2026,1024,21207,60.001666834,353.440181231,524288,0,0,0,0,True,True,,1.0,1.0,1.0,1.0,True,True
