run,path,metric,bytes,completed,mean_us,p50_us,p95_us,p99_us,operations_per_s,effective_gib_s
perf-o-r1-n,N,query,1048576,1819646,5.41224437280658,3.79,7.58,7.727,181964.589209142,
perf-o-r1-n,N,kernel,1048576,1257027,7.897736074085919,7.937999999999999,8.179,9.194999999999999,125702.680114241,
perf-o-r1-n,N,H2D,4096,688016,6.631601100846492,6.615,7.045,7.422000000000001,68801.567216084,0.5752302057399189
perf-o-r1-n,N,D2H,4096,688016,7.842631764377573,8.17,8.23,9.192,68801.567216084,0.4864052502059239
perf-o-r1-n,N,H2D,1048576,66052,75.25784628777328,75.023,78.779,83.14349,6605.174665848,12.976221725317387
perf-o-r1-n,N,D2H,1048576,66052,76.06546001635076,75.67399999999999,80.399,84.24298,6605.174665848,12.83844861767853
perf-o-r1-n,N,H2D,16777216,5649,863.0451508231546,861.284,870.7755999999999,883.1858399999999,564.820973133,18.104498918854013
perf-o-r1-n,N,D2H,16777216,5649,907.254808992742,905.675,915.7764,944.78304,564.820973133,17.22228402112002
perf-o-r1-n,N,resident,2097152,3391998,8.786574995327237,8.851999999999999,9.122,10.111,113066.595515035,
perf-o-r1-n,N,transfer,2097152,112649,266.21372611385806,265.18800000000005,273.06659999999994,277.71052000000003,3754.940708376,
perf-o-r1-s,S,query,1048576,6854,1457.3408077035308,1360.2250000000001,2432.13145,2611.73267,685.342191523,
perf-o-r1-s,S,kernel,1048576,3509,2848.6542080364775,2828.944,3903.5346,4037.5278000000003,350.816899861,
perf-o-r1-s,S,H2D,4096,1775,2819.1460591549294,2712.9559999999997,3932.3095999999996,4012.8124000000003,177.405556059,0.001353139278909337
perf-o-r1-s,S,D2H,4096,1775,2815.9598095774654,2718.4269999999997,3921.7923,4024.66978,177.405556059,0.00135467035170413
perf-o-r1-s,S,H2D,1048576,960,5261.403081250001,5434.78,5879.25735,6873.39988,95.939791334,0.1856087596633993
perf-o-r1-s,S,D2H,1048576,960,5160.101392708333,5270.402,5665.297099999999,6548.9529999999995,95.939791334,0.18925257968379589
perf-o-r1-s,S,H2D,16777216,109,43367.806174311925,43520.115999999995,44278.6918,44882.64256,10.84762766,0.3602903023776924
perf-o-r1-s,S,D2H,16777216,109,48800.96059633028,48770.975,49973.322799999994,50248.3724,10.84762766,0.3201781237309284
perf-o-r1-s,S,resident,2097152,10639,2818.4981484162045,2756.7709999999997,3910.3293000000003,3995.2725800000007,354.621286446,
perf-o-r1-s,S,transfer,2097152,1934,15512.496915201655,15500.636,16780.10395,17689.355809999997,64.456559332,
perf-o-r1-t,T,query,1048576,12776,781.4100577645586,890.8465,1146.59175,1195.457,1277.555514367,
perf-o-r1-t,T,kernel,1048576,6499,1537.2056102477304,1803.991,2292.2107,2400.9668799999995,649.846604834,
perf-o-r1-t,T,H2D,4096,2559,1959.463141461508,2056.67,2391.7563999999998,2467.6670799999997,255.860848685,0.0019468073600913591
perf-o-r1-t,T,D2H,4096,2559,1947.0328858929272,2019.428,2368.3321,2451.43514,255.860848685,0.0019592361758571657
perf-o-r1-t,T,H2D,1048576,1686,2910.4054833926452,2983.2319999999995,3348.8534999999997,3443.90645,168.574259082,0.33554173312703695
perf-o-r1-t,T,D2H,1048576,1686,3019.8446138790036,3037.0475,3473.32125,3764.4790500000004,168.574259082,0.3233817049764032
perf-o-r1-t,T,H2D,16777216,452,10316.997334070798,10447.614500000001,11818.948349999999,12412.31369,45.148319621,1.514491037852659
perf-o-r1-t,T,D2H,16777216,452,11830.829466814159,12077.596,13207.56865,13590.958670000002,45.148319621,1.3207019882949547
perf-o-r1-t,T,resident,2097152,16686,1796.773387031044,1975.7009999999998,2346.68175,2426.7136000000005,556.167013178,
perf-o-r1-t,T,transfer,2097152,3990,7519.118807769424,7595.6630000000005,8265.19165,8529.60347,132.964561213,
perf-o-r2-n,N,query,1048576,1241683,7.934642153432077,7.62,7.793,10.739,124168.271751864,
perf-o-r2-n,N,kernel,1048576,1100812,9.006341199042163,8.025,10.993,11.337,110081.141051677,
perf-o-r2-n,N,H2D,4096,682309,6.719630799241987,6.84,7.0809999999999995,7.797920000000042,68230.844255214,0.5676944730438642
perf-o-r2-n,N,D2H,4096,682309,7.876198184400323,8.192,8.254,9.727920000000042,68230.844255214,0.4843323106293119
perf-o-r2-n,N,H2D,1048576,67927,70.73141602013926,70.41300000000001,74.14269999999999,78.80174000000001,6792.652776786,13.806630136203475
perf-o-r2-n,N,D2H,1048576,67927,76.41048005947562,76.043,80.04599999999999,84.096,6792.652776786,12.780478531739012
perf-o-r2-n,N,H2D,16777216,5487,884.5882336431565,882.353,891.6828,918.0095800000001,548.647006185,17.663585616155885
perf-o-r2-n,N,D2H,16777216,5487,937.9169529797703,935.5569999999999,947.0807,1010.2969200000001,548.647006185,16.659257464490047
perf-o-r2-n,N,resident,2097152,3387293,8.799311301384321,8.846,9.397,10.403,112909.743568846,
perf-o-r2-n,N,transfer,2097152,111416,269.1692843846485,268.035,275.82724999999994,280.85585000000003,3713.865647832,
perf-o-r2-s,S,query,1048576,6767,1476.5066581941776,1374.048,2425.0878999999995,2629.1151800000002,676.691898983,
perf-o-r2-s,S,kernel,1048576,3556,2810.144025871766,2724.613,3919.2637499999996,4013.1374499999997,355.579611101,
perf-o-r2-s,S,H2D,4096,1761,2834.1372668938097,2734.756,3938.4270000000006,4065.7512,176.009767079,0.0013459818302329004
perf-o-r2-s,S,D2H,4096,1761,2845.7914173764902,2779.311,3932.347,3987.1272,176.009767079,0.00134046973447609
perf-o-r2-s,S,H2D,1048576,956,5284.14689121339,5452.5125,5900.17375,6853.410449999999,95.595057678,0.18480986999507004
perf-o-r2-s,S,D2H,1048576,956,5174.897888075314,5282.593000000001,5707.7745,6485.34075,95.595057678,0.18871145308013224
perf-o-r2-s,S,H2D,16777216,111,44629.48097297298,44704.25,46187.759000000005,46771.085,11.021457774,0.3501049006028614
perf-o-r2-s,S,D2H,16777216,111,46096.92427027026,46317.555,47719.187,47826.0861,11.021457774,0.33895970820936494
perf-o-r2-s,S,resident,2097152,10662,2812.3954095854438,2740.0295,3911.0899999999997,4002.86463,355.389632929,
perf-o-r2-s,S,transfer,2097152,1915,15670.145617232376,15626.692000000001,17069.7759,17859.81806,63.807641625,
perf-o-r2-t,T,query,1048576,15071,662.7162940083606,788.38,1129.4184999999998,1177.8562,1506.97227777,
perf-o-r2-t,T,kernel,1048576,5218,1915.265338252204,2028.2679999999998,2352.178,2433.6059899999996,521.736333246,
perf-o-r2-t,T,H2D,4096,2812,1777.5468673541964,1908.1499999999999,2343.6981,2407.58848,281.107758368,0.002146045955628172
perf-o-r2-t,T,D2H,4096,2812,1778.1460778805124,1906.5745,2311.9547,2392.5362699999996,281.107758368,0.0021453227679539047
perf-o-r2-t,T,H2D,1048576,1656,2961.09489673913,3008.3585,3346.1132500000003,3432.6343,165.504564524,0.3297977721265967
perf-o-r2-t,T,D2H,1048576,1656,3079.2086419082125,3086.2555,3514.1295,3743.38185,165.504564524,0.3171472328016122
perf-o-r2-t,T,H2D,16777216,433,10808.035394919169,10687.705,12333.2148,13028.622,43.254630236,1.4456836445359231
perf-o-r2-t,T,D2H,16777216,433,12309.287496535797,12163.041,13581.260600000001,13908.43632,43.254630236,1.2693667285289538
perf-o-r2-t,T,resident,2097152,15925,1882.66967133438,1996.0289999999998,2357.4622,2436.60284,530.796204174,
perf-o-r2-t,T,transfer,2097152,4074,7363.148117083947,7452.4225,8181.58385,8456.31086,135.780694266,
perf-o-r3-n,N,query,1048576,1831980,5.376963561829277,3.8179999999999996,7.707999999999999,8.004,183197.969881939,
perf-o-r3-n,N,kernel,1048576,1255367,7.908178896689176,7.951999999999999,8.145999999999999,9.263,125536.612614745,
perf-o-r3-n,N,H2D,4096,686057,6.6576763461345045,6.775,7.045,7.5089999999999995,68605.629411538,0.5729772772507695
perf-o-r3-n,N,D2H,4096,686057,7.858452851585217,8.206999999999999,8.284,9.30087999999989,68605.629411538,0.4854259913076267
perf-o-r3-n,N,H2D,1048576,65919,72.4696933509307,72.149,76.143,80.42081999999999,6591.80078942,13.475460635262348
perf-o-r3-n,N,D2H,1048576,65919,79.1416195330633,78.66,83.8861,87.16128,6591.80078942,12.339430324546463
perf-o-r3-n,N,H2D,16777216,5641,863.6996956213438,862.2330000000001,871.557,875.8144,564.014286582,18.090778634302293
perf-o-r3-n,N,D2H,16777216,5641,909.1507977308988,907.4060000000001,918.575,930.367,564.014286582,17.186367804986375
perf-o-r3-n,N,resident,2097152,3405418,8.752014989642975,8.827,9.07,10.066,113513.926640057,
perf-o-r3-n,N,transfer,2097152,109667,273.4522387773897,272.139,280.5077,287.112,3655.541997599,
perf-o-r3-s,S,query,1048576,6845,1459.1138477720963,1365.188,2421.5718,2616.277,684.423503491,
perf-o-r3-s,S,kernel,1048576,3529,2832.3437480872767,2778.348,3909.4966000000004,4012.12676,352.834439903,
perf-o-r3-s,S,H2D,4096,1762,2826.0452570942116,2741.772,3926.0458499999995,4011.2609799999996,176.155893066,0.0013498358726028816
perf-o-r3-s,S,D2H,4096,1762,2849.042717366629,2735.8525,3941.71915,4033.840999999997,176.155893066,0.001338940003381531
perf-o-r3-s,S,H2D,1048576,951,5286.138930599369,5433.187,5918.8005,6843.656,95.090528689,0.18474022586638156
perf-o-r3-s,S,D2H,1048576,951,5228.328822292324,5326.46,5681.561999999999,6580.932,95.090528689,0.1867829153813308
perf-o-r3-s,S,H2D,16777216,111,43894.18527027027,43468.83700000001,45253.630000000005,62066.36070000007,11.085584006,0.35596970085654794
perf-o-r3-s,S,D2H,16777216,111,46308.11898198198,46190.426,47838.9285,48846.49479999999,11.085584006,0.33741383462540403
perf-o-r3-s,S,resident,2097152,10641,2817.972428061272,2733.316,3913.981,4007.9604,354.674851059,
perf-o-r3-s,S,transfer,2097152,1915,15670.51513524804,15530.814,17304.1875,17774.84372,63.805758067,
perf-o-r3-t,T,query,1048576,14570,684.7234065888813,770.0039999999999,1133.7208499999997,1192.08891,1456.994612617,
perf-o-r3-t,T,kernel,1048576,5547,1801.7441139354607,1925.296,2343.2844000000005,2432.5336199999997,554.609355867,
perf-o-r3-t,T,H2D,4096,2648,1884.9766321752265,1972.1725000000001,2330.3174000000004,2431.6194,264.758454395,0.0020237371649657605
perf-o-r3-t,T,D2H,4096,2648,1889.013791163142,1931.4515,2358.68005,2493.044070000001,264.758454395,0.0020194120781278873
perf-o-r3-t,T,H2D,1048576,1612,3053.585801488834,3112.7,3377.7791,3491.988929999999,161.119972048,0.31980843620764093
perf-o-r3-t,T,D2H,1048576,1612,3151.143271091811,3187.8945,3519.1422,3704.8179299999993,161.119972048,0.30990736249883033
perf-o-r3-t,T,H2D,16777216,405,11515.401765432098,11507.26,12777.279999999999,13119.35644,40.476958584,1.3568784067008794
perf-o-r3-t,T,D2H,16777216,405,13188.221908641974,13249.185,14265.3746,14902.572359999995,40.476958584,1.1847692667167857
perf-o-r3-t,T,resident,2097152,24936,1202.2421485803657,1552.1245,2305.393,2421.55065,831.178006531,
perf-o-r3-t,T,transfer,2097152,3968,7560.099755292339,7630.3955,8334.2194,8564.76991,132.243630346,
perf-o-r4-n,N,query,1048576,1238557,7.955446047295361,7.649000000000001,7.79,10.583879999999889,123855.65828527,
perf-o-r4-n,N,kernel,1048576,1260681,7.874761154487139,7.923,8.111,9.024000000000001,126068.025746982,
perf-o-r4-n,N,H2D,4096,673449,6.77665716631846,6.853000000000001,7.088,7.86852000000002,67344.8627515,0.5629172572850403
perf-o-r4-n,N,D2H,4096,673449,8.011410353270998,8.237,8.620000000000001,9.898000000000001,67344.8627515,0.4761580168050546
perf-o-r4-n,N,H2D,1048576,64052,74.6605731124711,74.43799999999999,78.256,82.442,6405.12550581,13.080029516099142
perf-o-r4-n,N,D2H,1048576,64052,81.38412316555298,81.099,84.922,88.545,6405.12550581,11.999422762268505
perf-o-r4-n,N,H2D,16777216,5277,975.7405076748151,973.8080000000001,982.3592,985.9262399999999,527.690253561,16.013478867690242
perf-o-r4-n,N,D2H,16777216,5277,919.1674241046048,917.877,927.179,938.6719599999999,527.690253561,16.999079373619985
perf-o-r4-n,N,resident,2097152,3401027,8.763535135122423,8.825,9.19,10.144,113367.556089134,
perf-o-r4-n,N,transfer,2097152,102533,292.4844885549043,291.036,298.7804,305.05136,3417.746111426,
perf-o-r4-s,S,query,1048576,6721,1486.2786485642018,1368.0369999999998,2439.904,2617.0974,672.090454501,
perf-o-r4-s,S,kernel,1048576,3573,2797.5220414217742,2705.536,3858.828,3986.10244,357.275063201,
perf-o-r4-s,S,H2D,4096,1755,2851.9552569800567,2821.475,3917.5352999999996,4101.8955000000005,175.47455161,0.0013375726201484638
perf-o-r4-s,S,D2H,4096,1755,2845.196712820513,2807.159,3915.3786,4009.991,175.47455161,0.001340749920185096
perf-o-r4-s,S,H2D,1048576,966,5223.113922360248,5419.649,5840.7965,6815.216150000001,96.567466865,0.18696940455756053
perf-o-r4-s,S,D2H,1048576,966,5130.53930641822,5205.021,5581.81375,6377.92735,96.567466865,0.19034305005291285
perf-o-r4-s,S,H2D,16777216,112,43782.57233035714,43665.0055,45162.049699999996,47794.46793,11.153553707,0.3568771583840045
perf-o-r4-s,S,D2H,16777216,112,45870.46216964286,45500.343499999995,46821.26885,49261.12923,11.153553707,0.34063314954652124
perf-o-r4-s,S,resident,2097152,10656,2813.9190531156155,2749.5660000000003,3900.051,4004.5305,355.199596564,
perf-o-r4-s,S,transfer,2097152,1931,15538.53597410668,15472.913,16776.429,17673.7122,64.348348661,
perf-o-r4-t,T,query,1048576,17968,555.8586543299198,686.5314999999999,1108.7662999999998,1163.8751099999997,1796.795993684,
perf-o-r4-t,T,kernel,1048576,5626,1776.3791590828298,1893.4465,2254.4297500000002,2368.10225,562.573426394,
perf-o-r4-t,T,H2D,4096,2762,1812.7496596669082,1945.4565,2344.0067999999997,2432.23623,276.191213529,0.0021043706974552398
perf-o-r4-t,T,D2H,4096,2762,1806.2383714699495,1927.826,2334.9628000000002,2424.22892,276.191213529,0.002111956719489095
perf-o-r4-t,T,H2D,1048576,1610,3062.3659105590064,3103.0199999999995,3396.3483499999998,3479.40937,160.964468977,0.31889151346441735
perf-o-r4-t,T,D2H,1048576,1610,3148.3854981366458,3161.308,3522.8553,3780.715530000001,160.964468977,0.31017882040746697
perf-o-r4-t,T,H2D,16777216,499,9417.797426853707,9376.775,10171.167399999998,10714.76908,49.890835971,1.6590928103260332
perf-o-r4-t,T,D2H,16777216,499,10624.859631262525,10601.997,11023.6908,11254.53356,49.890835971,1.4706076637497487
perf-o-r4-t,T,resident,2097152,21478,1395.825778377875,1696.9260000000002,2275.2771999999995,2389.42259,715.901296703,
perf-o-r4-t,T,transfer,2097152,3981,7535.366427028385,7585.5740000000005,8270.619999999999,8511.0392,132.679955517,
perf-o-r5-n,N,query,1048576,1576446,6.2498461653618325,7.612,7.784999999999999,8.093,157644.577740563,
perf-o-r5-n,N,kernel,1048576,1254086,7.917019524179363,7.943,8.724,9.247,125408.595072675,
perf-o-r5-n,N,H2D,4096,684071,6.674293090921849,6.805,7.053,7.520300000000047,68407.092345355,0.5715507565608144
perf-o-r5-n,N,D2H,4096,684071,7.88418243135581,8.224,8.3,9.414,68407.092345355,0.4838418312663273
perf-o-r5-n,N,H2D,1048576,66758,70.5456632463525,70.199,74.079,78.63842999999999,6675.78117633,13.842984175933625
perf-o-r5-n,N,D2H,1048576,66758,79.16963668773778,78.693,83.89315,87.04342999999999,6675.78117633,12.335063552858962
perf-o-r5-n,N,H2D,16777216,5488,866.2504610058309,864.833,874.16715,879.1971599999999,548.795335619,18.037508438214644
perf-o-r5-n,N,D2H,16777216,5488,955.7905677842565,954.2719999999999,967.56955,982.37403,548.795335619,16.347723577375703
perf-o-r5-n,N,resident,2097152,3392830,8.785130168620295,8.837,9.447,10.228,113094.309138779,
perf-o-r5-n,N,transfer,2097152,109563,273.6956819455473,272.349,281.3779,286.526,3652.067685417,
perf-o-r5-s,S,query,1048576,6863,1455.9955864782166,1355.855,2429.2745999999997,2605.2203999999997,686.253097346,
perf-o-r5-s,S,kernel,1048576,3524,2836.6339594211117,2812.047,3900.9725000000003,3982.3296499999997,352.356501484,
perf-o-r5-s,S,H2D,4096,1779,2807.7644322653177,2695.5260000000003,3920.8107999999997,3984.38676,177.870605851,0.0013586243994647672
perf-o-r5-s,S,D2H,4096,1779,2812.6375986509274,2699.531,3920.1556,3993.0182999999997,177.870605851,0.0013562704514277655
perf-o-r5-s,S,H2D,1048576,956,5306.092721757322,5477.088,5909.127,6825.09515,95.586054129,0.18404550225736968
perf-o-r5-s,S,D2H,1048576,956,5153.971472803347,5275.0785000000005,5616.67425,6476.28905,95.586054129,0.18947766885268155
perf-o-r5-s,S,H2D,16777216,109,44104.10598165138,43544.128000000004,45028.621,51429.69032000001,10.881150104,0.35427540480018943
perf-o-r5-s,S,D2H,16777216,109,47792.73547706423,47581.2,48816.3592,74420.29760000005,10.881150104,0.326932531566402
perf-o-r5-s,S,resident,2097152,10683,2806.9518063278106,2737.716,3898.7518,3993.6966200000006,356.082830149,
perf-o-r5-s,S,transfer,2097152,1931,15537.376235111342,15473.925,16835.843,17696.8832,64.352994457,
perf-o-r5-t,T,query,1048576,11111,898.9622807128071,930.859,1151.732,1201.0149999999999,1111.035230312,
perf-o-r5-t,T,kernel,1048576,5507,1814.5741512620302,1900.76,2330.6953,2418.5192199999997,550.694207413,
perf-o-r5-t,T,H2D,4096,2496,2019.3038153044872,2092.1975,2373.1532500000003,2449.967350000001,249.517274768,0.0018891150686256633
perf-o-r5-t,T,D2H,4096,2496,1986.589606971154,2024.6029999999998,2347.9604999999997,2414.6312000000003,249.517274768,0.0019202241128408314
perf-o-r5-t,T,H2D,1048576,1661,2967.4185093317274,3025.915,3383.191,3482.6294,166.077593176,0.3290949682119241
perf-o-r5-t,T,D2H,1048576,1661,3052.065018061409,3090.182,3492.105,3701.8120000000013,166.077593176,0.3199677904045068
perf-o-r5-t,T,H2D,16777216,450,10567.85409111111,10367.0255,12125.75485,12796.051209999998,44.975353039,1.4785404742806378
perf-o-r5-t,T,D2H,16777216,450,11665.203442222222,11433.863000000001,12889.631599999999,13191.91864,44.975353039,1.3394537075491788
perf-o-r5-t,T,resident,2097152,16649,1800.7145472400744,1936.2959999999998,2338.4080000000004,2424.5274000000004,554.942519009,
perf-o-r5-t,T,transfer,2097152,4022,7458.4358920934865,7513.365,8203.234349999999,8435.34736,134.045602857,
