pair,cap_a,cap_b,slot,solo_q,shared_q,recovered_q,retention,solo_p95_ms,shared_p95_ms,entry_10s_q,entry_10s_p95_ms,exit_10s_p95_ms,b_actual_start_s,b_actual_end_s,recovery_s,recovery_band_entry_s,recovered_p95_ms,b_shared_q,b_shared_p95_ms,shared_total_q,alignment_uncertainty_bound_s,pmon_util_a,pmon_samples_a,shared_util_a,shared_util_samples_a,shared_cap_a,pmon_util_b,pmon_samples_b,shared_util_b,shared_util_samples_b,shared_cap_b
perf-d-r1-25-75-a,25,75,a,83.73333333333333,42.05,84.1,0.5021894904458598,12.8350287,24.6583129,41.2,25.044090049999998,12.676485,59.999627351760864,180.01164605976086,5.988353940239136,0.9883539402391364,12.709648399999999,42.05,24.669426499999997,84.1,0.41648006439208984,47.17857142857143,56,48.666666666666664,60,FAIL,51.142857142857146,56,51.333333333333336,60,PASS
perf-d-r1-50-50-a,50,50,a,83.36666666666666,42.166666666666664,84.1,0.505797680927629,12.849386,24.61651225,42.1,24.639020000000002,12.770291799999999,60.000895261764526,180.01077763876452,5.989222361235477,0.9892223612354769,12.753653100000001,42.18333333333333,24.615460499999998,84.35,0.4041248559951782,47.10909090909091,55,49.666666666666664,60,PASS,51.2,55,50.333333333333336,60,PASS
perf-d-r1-50-50-b,50,50,b,83.53333333333333,40.93333333333333,83.63333333333334,0.490023942537909,12.857762,25.182090000000002,41.1,24.9289405,12.793370999999999,60.00179743766785,180.00753866166787,5.992461338332134,0.9924613383321343,12.779461800000002,40.93333333333333,25.6045115,81.86666666666666,0.41222190856933594,50.25925925925926,54,48.81666666666667,60,PASS,46.63636363636363,55,48.516666666666666,60,PASS
perf-d-r1-75-25-b,75,25,b,83.83333333333333,41.18333333333333,84.1,0.49125248508946323,12.788375499999999,24.862253000000003,42.3,24.6246568,12.717391999999998,60.001131772994995,180.02055967299498,5.9794403270050225,0.9794403270050225,12.7475604,41.18333333333333,24.875360999999998,82.36666666666666,0.415539026260376,50.163636363636364,55,49.416666666666664,60,PASS,46.67857142857143,56,48.13333333333333,60,FAIL
perf-d-r2-25-75-a-resume1,25,75,a,83.96666666666667,41.166666666666664,84.06666666666666,0.49027391822151645,12.7687256,24.8711908,41.2,24.88600425,12.691599900000002,60.00110483169556,180.01406827569554,5.985931724304464,0.9859317243044643,12.7574544,41.18333333333333,24.8814155,82.35,0.4024146795272827,55.30909090909091,55,55.166666666666664,60,FAIL,41.31481481481482,54,41.95,60,PASS
perf-d-r2-50-50-a,50,50,a,83.7,42.016666666666666,84.13333333333334,0.5019912385503783,12.7999635,24.71483,41.0,25.02199825,12.745606,59.99623107910156,180.00056221110157,5.999437788898433,0.9994377888984332,12.7188436,42.03333333333333,24.6965665,84.05,0.40613853931427,52.642857142857146,56,52.983333333333334,60,PASS,46.49090909090909,55,45.31666666666667,60,PASS
perf-d-r2-50-50-b,50,50,b,83.96666666666667,42.25,83.93333333333334,0.5031758634378721,12.7870581,24.582774299999997,42.1,24.748551,12.7554241,60.003310680389404,180.0051588523894,5.9948411476106,0.9948411476106003,12.797397199999999,42.233333333333334,24.58266415,84.48333333333333,0.42840564250946045,48.05357142857143,56,50.0,60,PASS,50.285714285714285,56,50.666666666666664,60,PASS
perf-d-r2-75-25-b,75,25,b,83.83333333333333,41.71666666666667,84.1,0.4976143141153082,12.827002799999999,24.8031422,41.1,25.517626500000002,12.7873579,59.9995334148407,180.0023334128407,5.997666587159301,0.9976665871593013,12.746725200000002,41.733333333333334,24.8023049,83.45,0.423870325088501,43.94642857142857,56,44.05,60,PASS,54.61818181818182,55,55.13333333333333,60,FAIL
perf-d-r3-25-75-a,25,75,a,83.73333333333333,41.983333333333334,79.3,0.5013933121019108,12.82267015,24.720288,41.2,25.09681765,12.75946,59.99994874000549,180.01999571200548,5.980004287994518,0.9800042879945181,12.7148875,41.983333333333334,24.7009361,83.96666666666667,0.4102933406829834,49.32142857142857,56,49.666666666666664,60,FAIL,48.982142857142854,56,49.666666666666664,60,PASS
perf-d-r3-50-50-a,50,50,a,83.43333333333334,42.083333333333336,84.0,0.5043947263284059,12.8399482,24.662971,42.1,24.644144999999998,12.74353335,59.99905180931091,180.01554459631092,5.984455403689083,0.9844554036890827,12.758916000000001,42.083333333333336,24.6602814,84.16666666666667,0.41684412956237793,45.611111111111114,54,46.61666666666667,60,PASS,53.527272727272724,55,53.266666666666666,60,PASS
perf-d-r3-50-50-b,50,50,b,83.3,41.46666666666667,83.96666666666667,0.49779911964785917,12.8719391,24.87925005,42.3,24.5653705,12.727924,60.00081396102905,180.00228937102906,5.997710628970935,0.9977106289709354,12.758790399999999,41.483333333333334,24.863097,82.95,0.41763389110565186,41.74545454545454,55,42.416666666666664,60,PASS,55.09090909090909,55,55.78333333333333,60,PASS
perf-d-r3-75-25-b,75,25,b,83.8,41.18333333333333,83.63333333333334,0.491447891805887,12.7898231,24.913569,41.2,24.8978599,12.71401555,60.00092124938965,180.01955009038966,5.980449909610343,0.9804499096103427,12.820352999999999,41.18333333333333,24.945179,82.36666666666666,0.4093208312988281,53.592592592592595,54,53.86666666666667,60,PASS,44.01851851851852,54,43.56666666666667,60,FAIL
perf-d-r4-25-75-a,25,75,a,83.86666666666666,41.1,84.06666666666666,0.49006359300476954,12.7791985,25.609006,40.8,25.6462449,12.7250596,59.99989199638367,180.01755040838367,5.98244959161633,0.98244959161633,12.75938635,41.083333333333336,25.6304548,82.18333333333334,0.4093594551086426,47.872727272727275,55,48.78333333333333,60,FAIL,49.574074074074076,54,49.4,60,PASS
perf-d-r4-50-50-a,50,50,a,83.76666666666667,42.11666666666667,83.86666666666666,0.5027855153203342,12.7754466,24.629081600000003,42.1,24.655565,12.753864,60.00043344497681,180.0090980009768,5.990901999023208,0.9909019990232082,12.79190025,42.1,24.649431,84.21666666666667,0.4294118881225586,47.50909090909091,55,47.0,60,PASS,50.836363636363636,55,51.63333333333333,60,PASS
perf-d-r4-50-50-b,50,50,b,83.46666666666667,40.93333333333333,83.76666666666667,0.4904153354632587,12.829797750000001,25.588046750000004,41.9,24.7372824,12.756346850000002,59.99871635437012,180.01652073037013,5.983479269629868,0.9834792696298678,12.770632399999998,40.916666666666664,25.684242,81.85,0.4226856231689453,46.472727272727276,55,46.28333333333333,60,PASS,49.6,55,50.53333333333333,60,PASS
perf-d-r4-75-25-b,75,25,b,83.9,41.75,83.56666666666666,0.4976162097735399,12.756917199999998,24.7716934,41.1,25.045937999999996,12.759978499999999,59.9994330406189,180.01090161561888,5.989098384381123,0.9890983843811227,12.8410277,41.733333333333334,24.7897283,83.48333333333333,0.41976821422576904,51.910714285714285,56,52.06666666666667,60,PASS,45.910714285714285,56,46.45,60,FAIL
perf-d-r5-25-75-a,25,75,a,83.73333333333333,41.166666666666664,83.93333333333334,0.491640127388535,12.7696389,24.871707699999998,41.2,24.852441199999998,12.708336000000001,60.00158715248108,180.01448160148107,5.985518398518934,0.9855183985189342,12.727416400000001,41.18333333333333,24.8826305,82.35,0.4027080535888672,51.14545454545455,55,51.583333333333336,60,FAIL,44.63636363636363,55,45.75,60,PASS
perf-d-r5-50-50-a,50,50,a,83.36666666666666,41.016666666666666,83.96666666666667,0.49200319872051185,12.872806,25.007452999999998,40.8,25.6575316,12.88267175,59.99980044364929,180.0035183496493,5.996481650350688,0.9964816503506881,12.741363999999999,41.016666666666666,25.569859,82.03333333333333,0.4146922826766968,43.30357142857143,56,44.93333333333333,60,PASS,52.55357142857143,56,51.95,60,PASS
perf-d-r5-50-50-b,50,50,b,84.0,42.06666666666667,84.1,0.5007936507936508,12.73785315,24.7097838,42.2,24.643164,12.7142558,60.00015830993652,180.0087677979365,5.991232202063486,0.9912322020634861,12.7574381,42.05,24.6785167,84.11666666666667,0.41619694232940674,55.38181818181818,55,55.65,60,PASS,42.96363636363636,55,44.0,60,PASS
perf-d-r5-75-25-b,75,25,b,83.36666666666666,41.2,83.93333333333334,0.4942023190723711,12.851292,24.848898,40.5,25.8886936,12.716062,60.000760078430176,180.00324464843015,5.9967553515698455,0.9967553515698455,12.7578048,41.2,24.9012898,82.4,0.40789103507995605,52.425925925925924,54,51.65,60,PASS,45.24074074074074,54,46.31666666666667,60,FAIL
