run,cap,window_start_s,window_end_s,completed,seconds,throughput,p50_ms,p95_ms,p99_ms,gpu_util_mean,gpu_samples
perf-c-r1-100,100,0,30,2518,30,83.93333333333334,11.681216500000001,12.73871675,12.87229335,87.26666666666667,30
perf-c-r1-100,100,30,60,2519,30,83.96666666666667,11.709612,12.7657697,12.9137019,88.36666666666666,30
perf-c-r1-100,100,60,90,2521,30,84.03333333333333,11.673632,12.727936,12.850516800000001,88.23333333333333,30
perf-c-r1-100,100,90,120,2518,30,83.93333333333334,11.667812,12.728658050000002,12.82038196,88.06666666666666,30
perf-c-r1-25,25,0,30,2453,30,81.76666666666667,11.673859,12.747653399999999,12.910362240000001,84.9,30
perf-c-r1-25,25,30,60,2361,30,78.7,11.713845000000001,12.76888,12.9274,81.4,30
perf-c-r1-25,25,60,90,2437,30,81.23333333333333,11.701189000000001,12.767836199999998,12.88059228,84.63333333333334,30
perf-c-r1-25,25,90,120,2432,30,81.06666666666666,11.7339925,12.77953525,12.970783769999999,84.43333333333334,30
perf-c-r1-50,50,0,30,2468,30,82.26666666666667,11.683157999999999,12.7469464,12.86705105,84.46666666666667,30
perf-c-r1-50,50,30,60,2526,30,84.2,11.649088,12.7159075,12.83469825,87.9,30
perf-c-r1-50,50,60,90,2448,30,81.6,11.767926,12.84196585,12.950310750000002,85.4,30
perf-c-r1-50,50,90,120,2526,30,84.2,11.6609545,12.71161425,12.819016249999999,88.1,30
perf-c-r1-75,75,0,30,2480,30,82.66666666666667,11.73583,12.8238765,12.9637824,88.03333333333333,30
perf-c-r1-75,75,30,60,2518,30,83.93333333333334,11.7047025,12.75870275,12.91206325,88.26666666666667,30
perf-c-r1-75,75,60,90,2481,30,82.7,11.742080999999999,12.811314000000001,12.9622618,84.63333333333334,30
perf-c-r1-75,75,90,120,2517,30,83.9,11.682684,12.7396452,12.836418600000002,88.13333333333334,30
perf-c-r2-100,100,0,30,2524,30,84.13333333333334,11.642076000000001,12.714573299999998,12.793172570000001,88.43333333333334,30
perf-c-r2-100,100,30,60,2518,30,83.93333333333334,11.671077,12.7382761,12.86550114,87.73333333333333,30
perf-c-r2-100,100,60,90,2521,30,84.03333333333333,11.658567,12.725942,12.8098646,88.13333333333334,30
perf-c-r2-100,100,90,120,2523,30,84.1,11.651444,12.7067811,12.796562240000002,88.5,30
perf-c-r2-25,25,0,30,2452,30,81.73333333333333,11.662495999999999,12.737075599999999,12.84191123,85.4,30
perf-c-r2-25,25,30,60,2445,30,81.5,11.655155,12.727015999999999,12.817216839999999,86.83333333333333,30
perf-c-r2-25,25,60,90,2441,30,81.36666666666666,11.669825999999999,12.737633,12.8612986,85.3,30
perf-c-r2-25,25,90,120,2363,30,78.76666666666667,11.754954999999999,12.8181188,12.95954464,82.06666666666666,30
perf-c-r2-50,50,0,30,2465,30,82.16666666666667,11.7015,12.7791192,12.960990840000001,86.23333333333333,30
perf-c-r2-50,50,30,60,2509,30,83.63333333333334,11.73695,12.7892294,12.96777876,87.56666666666666,30
perf-c-r2-50,50,60,90,2468,30,82.26666666666667,11.684234,12.749532,12.89317296,84.63333333333334,30
perf-c-r2-50,50,90,120,2532,30,84.4,11.639211999999999,12.694037699999999,12.80255684,88.36666666666666,30
perf-c-r2-75,75,0,30,2475,30,82.5,11.791058,12.8416116,12.98180648,87.8,30
perf-c-r2-75,75,30,60,2513,30,83.76666666666667,11.692979,12.736434599999999,12.83635332,84.63333333333334,30
perf-c-r2-75,75,60,90,2498,30,83.26666666666667,11.683329999999998,12.739389699999998,12.84396126,87.86666666666666,30
perf-c-r2-75,75,90,120,2506,30,83.53333333333333,11.765168,12.82117025,12.9759887,86.76666666666667,30
perf-c-r3-100,100,0,30,2508,30,83.6,11.7531275,12.820245850000001,12.949340789999999,88.0,30
perf-c-r3-100,100,30,60,2504,30,83.46666666666667,11.7538765,12.800727649999999,12.94371625,87.63333333333334,30
perf-c-r3-100,100,60,90,2513,30,83.76666666666667,11.719372,12.7670174,12.91217304,87.96666666666667,30
perf-c-r3-100,100,90,120,2524,30,84.13333333333334,11.6763045,12.75103765,12.88308312,88.43333333333334,30
perf-c-r3-25,25,0,30,2450,30,81.66666666666667,11.7341735,12.791004,12.96368396,84.73333333333333,30
perf-c-r3-25,25,30,60,2438,30,81.26666666666667,11.656654,12.72096705,12.81935264,85.1,30
perf-c-r3-25,25,60,90,2364,30,78.8,11.693786000000001,12.7608701,12.88812206,82.3,30
perf-c-r3-25,25,90,120,2522,30,84.06666666666666,11.672136499999999,12.736931149999998,12.860553950000002,88.26666666666667,30
perf-c-r3-50,50,0,30,2466,30,82.2,11.6757,12.742355250000001,12.88412525,84.8,30
perf-c-r3-50,50,30,60,2522,30,84.06666666666666,11.6426785,12.706505349999999,12.79477441,88.2,30
perf-c-r3-50,50,60,90,2477,30,82.56666666666666,11.659054000000001,12.707187999999999,12.808530679999999,85.73333333333333,30
perf-c-r3-50,50,90,120,2466,30,82.2,11.671288,12.73139025,12.845685,85.26666666666667,30
perf-c-r3-75,75,0,30,2493,30,83.1,11.671878,12.756105400000001,12.883238399999998,87.76666666666667,30
perf-c-r3-75,75,30,60,2513,30,83.76666666666667,11.704165000000001,12.7624764,12.902782,88.56666666666666,30
perf-c-r3-75,75,60,90,2503,30,83.43333333333334,11.681202,12.7599277,12.9244638,87.9,30
perf-c-r3-75,75,90,120,2480,30,82.66666666666667,11.7313215,12.802406499999998,12.93014129,86.06666666666666,30
perf-c-r4-100,100,0,30,2525,30,84.16666666666667,11.660802,12.724099199999998,12.833512559999999,87.66666666666667,30
perf-c-r4-100,100,30,60,2514,30,83.8,11.6939705,12.748818149999998,12.91106621,87.4,30
perf-c-r4-100,100,60,90,2511,30,83.7,11.760587,12.829636,12.9702594,87.9,30
perf-c-r4-100,100,90,120,2514,30,83.8,11.722718,12.770189,12.89533316,88.3,30
perf-c-r4-25,25,0,30,2455,30,81.83333333333333,11.693359000000001,12.7571112,12.870742499999999,84.83333333333333,30
perf-c-r4-25,25,30,60,2365,30,78.83333333333333,11.702489,12.7710402,12.92986192,81.9,30
perf-c-r4-25,25,60,90,2441,30,81.36666666666666,11.661909,12.727258,12.8262606,85.63333333333334,30
perf-c-r4-25,25,90,120,2456,30,81.86666666666666,11.6635695,12.726387,12.83814825,85.1,30
perf-c-r4-50,50,0,30,2471,30,82.36666666666666,11.744816,12.776735,12.9528752,84.8,30
perf-c-r4-50,50,30,60,2473,30,82.43333333333334,11.686173,12.746996,12.89023008,84.96666666666667,30
perf-c-r4-50,50,60,90,2475,30,82.5,11.679699999999999,12.7506922,12.880370800000001,84.93333333333334,30
perf-c-r4-50,50,90,120,2435,30,81.16666666666667,11.670628,12.7249683,12.84012222,81.46666666666667,30
perf-c-r4-75,75,0,30,2480,30,82.66666666666667,11.7548435,12.809463100000002,12.9588954,88.1,30
perf-c-r4-75,75,30,60,2508,30,83.6,11.76066,12.8184748,12.97660252,87.5,30
perf-c-r4-75,75,60,90,2490,30,83.0,11.744304000000001,12.82125125,12.95601362,85.13333333333334,30
perf-c-r4-75,75,90,120,2514,30,83.8,11.6959185,12.7491392,12.89264439,87.8,30
perf-c-r5-100,100,0,30,2515,30,83.83333333333333,11.705715,12.7686344,12.901814060000001,88.0,30
perf-c-r5-100,100,30,60,2526,30,84.2,11.661256500000002,12.712278000000001,12.8357535,88.0,30
perf-c-r5-100,100,60,90,2517,30,83.9,11.68332,12.7506786,12.90733376,88.3,30
perf-c-r5-100,100,90,120,2516,30,83.86666666666666,11.706056499999999,12.7794435,12.934075,88.13333333333334,30
perf-c-r5-25,25,0,30,2450,30,81.66666666666667,11.675889,12.73901275,12.85368671,85.73333333333333,30
perf-c-r5-25,25,30,60,2442,30,81.4,11.6632305,12.7291201,12.846167920000003,84.96666666666667,30
perf-c-r5-25,25,60,90,2354,30,78.46666666666667,11.736075,12.829752350000001,12.988152209999999,82.0,30
perf-c-r5-25,25,90,120,2453,30,81.76666666666667,11.679972000000001,12.7323316,12.83963268,84.8,30
perf-c-r5-50,50,0,30,2470,30,82.33333333333333,11.6822535,12.757737749999999,12.886147489999999,86.56666666666666,30
perf-c-r5-50,50,30,60,2526,30,84.2,11.649958999999999,12.7078025,12.810829499999999,88.7,30
perf-c-r5-50,50,60,90,2462,30,82.06666666666666,11.755716,12.82636725,12.96798288,85.1,30
perf-c-r5-50,50,90,120,2524,30,84.13333333333334,11.6760745,12.758299399999999,12.89807861,87.23333333333333,30
perf-c-r5-75,75,0,30,2485,30,82.83333333333333,11.704239999999999,12.757993399999998,12.925931680000001,85.96666666666667,30
perf-c-r5-75,75,30,60,2522,30,84.06666666666666,11.678649,12.7551313,12.860676739999999,88.43333333333334,30
perf-c-r5-75,75,60,90,2487,30,82.9,11.68392,12.737230400000001,12.884386719999998,87.96666666666667,30
perf-c-r5-75,75,90,120,2523,30,84.1,11.691688000000001,12.7549663,12.91365172,88.53333333333333,30
