run,cap,completed,seconds,throughput,p50_ms,p95_ms,p99_ms,fixed_completed,fixed_seconds,utc_start,gpu_util_mean,gpu_samples,enforcement
perf-c-r1-100,100,7559,90,83.9888888888889,11.68664,12.7442404,12.88021192,2500,29.892884232,1790780187.5675182,88.17777777777778,90,BASELINE
perf-c-r1-25,25,7170,90,79.66666666666667,11.692792,12.753876250000001,12.901959100000001,2500,31.676918426,1790780430.6519687,83.66666666666667,90,FAIL
perf-c-r1-50,50,7446,90,82.73333333333333,11.690488,12.756512749999999,12.9028637,2500,30.500027526,1790780677.9770613,86.05555555555556,90,FAIL
perf-c-r1-75,75,7488,90,83.2,11.7099665,12.770126450000001,12.92319326,2500,30.196112309,1790779941.9589837,86.96666666666667,90,FAIL
perf-c-r2-100,100,7559,90,83.9888888888889,11.661713,12.7253357,12.820458160000001,2500,29.754520049,1790780921.7055395,88.1,90,BASELINE
perf-c-r2-25,25,7336,90,81.5111111111111,11.677878,12.746882249999999,12.884142849999998,2500,30.529243253,1790781164.474746,85.92222222222222,90,FAIL
perf-c-r2-50,50,7450,90,82.77777777777777,11.693726999999999,12.76116305,12.93200106,2500,30.410375002,1790781409.8834066,86.13333333333334,90,FAIL
perf-c-r2-75,75,7486,90,83.17777777777778,11.723659000000001,12.769101749999999,12.920426299999999,2500,30.127735203,1790781653.5071418,86.5,90,FAIL
perf-c-r3-100,100,7538,90,83.75555555555556,11.716632500000001,12.778352600000002,12.91197729,2500,29.753379498,1790781897.9733956,88.06666666666666,90,BASELINE
perf-c-r3-25,25,7253,90,80.58888888888889,11.693398,12.7597848,12.90194116,2500,31.615148279,1790782628.4181519,84.12222222222222,90,FAIL
perf-c-r3-50,50,7468,90,82.97777777777777,11.653013999999999,12.710769249999998,12.81456598,2500,29.867059084,1790782384.1263332,86.28888888888889,90,FAIL
perf-c-r3-75,75,7508,90,83.42222222222222,11.687911,12.761397,12.89941141,2500,29.827274261,1790782142.140845,88.16666666666667,90,FAIL
perf-c-r4-100,100,7538,90,83.75555555555556,11.7278015,12.7838525,12.93905072,2500,29.671541274,1790783363.979805,87.75555555555556,90,BASELINE
perf-c-r4-25,25,7264,90,80.71111111111111,11.683498,12.7475172,12.87283212,2500,30.734335499,1790783606.6771271,84.14444444444445,90,FAIL
perf-c-r4-50,50,7382,90,82.02222222222223,11.696848999999998,12.76151505,12.906330149999999,2500,30.33969416,1790782873.2845175,83.63333333333334,90,FAIL
perf-c-r4-75,75,7481,90,83.12222222222222,11.750544,12.811693,12.967656999999999,2500,29.98676233,1790783118.7062628,86.9888888888889,90,FAIL
perf-c-r5-100,100,7561,90,84.0111111111111,11.682911,12.746058,12.884628000000001,2500,29.788627711,1790784593.6937158,88.23333333333333,90,BASELINE
perf-c-r5-25,25,7250,90,80.55555555555556,11.689504999999999,12.7589649,12.92032346,2500,31.583349377,1790784344.3561907,84.11111111111111,90,FAIL
perf-c-r5-50,50,7458,90,82.86666666666666,11.695255,12.76869265,12.92063924,2500,31.03466527,1790783852.6944833,86.63333333333334,90,FAIL
perf-c-r5-75,75,7495,90,83.27777777777777,11.692087,12.751933,12.89388914,2500,30.157105153,1790784099.1281488,87.45555555555555,90,FAIL
