request_id,api_id,api,events,input_bytes,output_bytes,transport_status,result_domain,api_result,requested_bytes,allocation_handle,copy_direction,copy_bytes,src_handle,dst_handle
1,1,HELLO,4,0,0,0,0,0,,,,,,
2,4097,cudaGetDeviceCount,4,0,4,0,1,0,,,,,,
3,4112,cudaMalloc,4,8,8,0,1,0,1048576,1,,,,
4,3,HEARTBEAT,4,0,0,0,0,0,,,,,,
5,3,HEARTBEAT,4,0,0,0,0,0,,,,,,
6,4114,cudaMemcpy,4,1048624,0,0,1,0,,,1,1048576,0,1
7,3,HEARTBEAT,4,0,0,0,0,0,,,,,,
8,8240,cuModuleLoadData,4,320,8,0,2,0,,,,,,
9,8242,cuModuleGetFunction,4,14,8,0,2,0,,,,,,
10,8243,cuLaunchKernel,4,72,0,0,2,0,,,,,,
11,4128,cudaDeviceSynchronize,4,0,0,0,1,0,,,,,,
12,3,HEARTBEAT,4,0,0,0,0,0,,,,,,
13,4114,cudaMemcpy,4,48,1048576,0,1,0,,,2,1048576,1,0
14,3,HEARTBEAT,4,0,0,0,0,0,,,,,,
15,3,HEARTBEAT,4,0,0,0,0,0,,,,,,
16,8241,cuModuleUnload,4,8,0,0,2,0,,,,,,
17,4113,cudaFree,4,8,0,0,1,0,,1,,,,
18,2,GOODBYE,4,0,0,0,0,0,,,,,,
