mode,bytes,metric,T_over_N,S_over_N,S_over_T,T_latency_increase_percent,S_latency_increase_percent,S_latency_reduction_vs_T_percent,T_throughput_retained_percent,S_throughput_retained_percent
copy,4096,d2h_complete,205.43961766882433,334.57452027864116,1.6285783826661258,20443.961766882432,33357.452027864114,-62.857838266612575,,
copy,4096,h2d_complete,241.8875667675758,397.64473476008,1.6439238282229185,24088.75667675758,39664.473476007995,-64.39238282229184,,
copy,262144,d2h_complete,79.43395494303772,126.85067442624772,1.596932628083452,7843.395494303772,12585.067442624772,-59.693262808345196,,
copy,262144,h2d_complete,103.68898128751567,151.8531701814255,1.4645063370847184,10268.898128751567,15085.31701814255,-46.45063370847185,,
copy,4194304,d2h_complete,14.906854803392253,42.78350021008634,2.8700554727581022,1390.6854803392253,4178.350021008634,-187.00554727581024,,
copy,4194304,h2d_complete,14.70338740703338,49.018487400347254,3.333822747328225,1370.338740703338,4801.848740034726,-233.3822747328225,,
kernel,1048576,launch_return,572.1684069659091,963.6002681028884,1.6841200184621548,57116.84069659091,96260.02681028884,-68.41200184621547,,
kernel,1048576,launch_sync_complete,211.96362448531008,358.806963949748,1.6927761299657091,21096.362448531007,35780.6963949748,-69.27761299657091,,
query,1048576,query_return,133.92128715422783,249.11376870505336,1.8601506451932945,13292.128715422783,24811.376870505337,-86.01506451932946,,
resident,2097152,throughput,0.008223240913446181,0.003168247624988056,0.3852796796707629,,,,0.8223240913446181,0.3168247624988056
transfer,2097152,throughput,0.04277048334132445,0.018095439119262733,0.42308240883916043,,,,4.277048334132445,1.8095439119262733
