mode,bytes,path,n_sessions,mean_active_cores,mean_cpu_microseconds_per_operation,sample_sd_cpu_microseconds_per_operation
copy,4096,N,3,1.0127086541224266,15.920929473386668,1.7060016395273747
copy,4096,T,3,0.8648689782684827,3006.5050645884626,239.12093060880622
copy,4096,S,3,0.3391414446101205,1932.639264009213,110.40093337753507
copy,262144,N,3,1.0130910711334342,50.857298424130775,0.19959298889001637
copy,262144,T,3,1.0482688578636177,4754.803902709912,213.63823441527956
copy,262144,S,3,0.4630348190222884,3212.3832046077587,116.34971198460069
copy,4194304,N,3,1.0131482240980247,524.4425138267354,26.580051072633264
copy,4194304,T,3,2.140526968505376,16218.634289284184,4497.653020280032
copy,4194304,S,3,0.8927302117660353,21209.95422604711,1446.6981578970426
kernel,1048576,N,3,1.0128625448805666,8.042073517372597,0.027794972037296608
kernel,1048576,T,3,0.8179191511645237,1370.2471492269433,139.50001875562438
kernel,1048576,S,3,0.33063805417411063,937.8038076682752,34.59082488611222
query,1048576,N,3,0.9729367565417804,5.877330609613806,0.9071945278660775
query,1048576,T,3,0.8192988179177195,656.8001009027194,28.07550936674539
query,1048576,S,3,0.3490039050408528,520.2048050762481,8.462102759683276
resident,2097152,N,3,1.0125991612401501,8.942254618680424,0.02775522920945779
resident,2097152,T,3,0.8884368851069249,1000.7242836576112,261.4585731913
resident,2097152,S,3,0.30979463812032326,864.335376439857,74.99784023430414
transfer,2097152,N,3,1.0124010676745334,283.7164205024524,11.305119529115341
transfer,2097152,T,3,1.883931925248185,12526.502868593725,1517.8176956659909
transfer,2097152,S,3,0.8054390712452052,12461.779809186999,256.74754836003615
