session,path,rep,physical_rep,mode,bytes,metric,samples,mean_us,median_us,p95_us,p99_us,p99_status,effective_mib_s
r1-N,N,1,1,kernel,1048576,launch_return,3779291,1.4772051061958444,1.4309999999999998,1.575,1.776,reported,
r1-N,N,1,1,kernel,1048576,launch_sync_complete,3779291,7.897926666933031,7.949,8.117,9.135,reported,
r1-N,N,1,1,copy,4096,h2d_complete,2019923,6.74643777510331,6.827999999999999,7.08,7.429,reported,579.0092683305276
r1-N,N,1,1,copy,4096,d2h_complete,2019923,8.063071640354607,8.246,8.674,9.562,reported,484.4617751440698
r1-N,N,1,1,copy,262144,h2d_complete,595048,22.958704798604483,22.966,23.162,26.051530000000028,reported,10889.116010376854
r1-N,N,1,1,copy,262144,d2h_complete,595048,27.412597471128382,27.397,27.881999999999998,33.14953000000003,reported,9119.894612807346
r1-N,N,1,1,copy,4194304,h2d_complete,57622,263.77467141022527,262.00399999999996,269.76099999999997,274.68479,reported,15164.458280299234
r1-N,N,1,1,copy,4194304,d2h_complete,57622,256.7611598694943,255.20600000000002,262.94695,267.74979,reported,15578.680210173168
r1-S,S,1,1,kernel,1048576,launch_return,10660,1421.2119827392119,1359.6754999999998,1669.4532499999993,2580.5744,reported,
r1-S,S,1,1,kernel,1048576,launch_sync_complete,10660,2813.3908462476547,2759.1895000000004,3904.0225,4007.391009999999,reported,
r1-S,S,1,1,copy,4096,h2d_complete,5316,2820.014846501129,2743.756,3910.19225,4001.2795000000006,reported,1.3851877428399335
r1-S,S,1,1,copy,4096,d2h_complete,5316,2823.014965199398,2747.1980000000003,3914.08475,4004.8531,reported,1.3837156544170464
r1-S,S,1,1,copy,262144,h2d_complete,4339,3466.461412306983,3119.974,4306.7454,5150.44148,reported,72.11965467505988
r1-S,S,1,1,copy,262144,d2h_complete,4339,3447.130899976953,3225.44,4393.710999999999,4527.268,reported,72.52408082375737
r1-S,S,1,1,copy,4194304,h2d_complete,1224,13019.504729575165,13231.362000000001,13640.5388,14559.21942,reported,307.23134889406214
r1-S,S,1,1,copy,4194304,d2h_complete,1224,11492.348081699345,11650.8685,11980.67915,12753.07502,reported,348.0576790368614
r1-T,T,1,1,kernel,1048576,launch_return,19948,762.3080683777822,852.1579999999999,1181.24775,1242.56245,reported,
r1-T,T,1,1,kernel,1048576,launch_sync_complete,19948,1503.167087828354,1720.5325,2234.8745999999996,2362.4067299999997,reported,
r1-T,T,1,1,copy,4096,h2d_complete,7754,1931.4332872066032,2034.3615,2379.9215,2454.26164,reported,2.022461777931527
r1-T,T,1,1,copy,4096,d2h_complete,7754,1936.3962661851945,2020.9195,2366.5450499999997,2451.77087,reported,2.0172782132530775
r1-T,T,1,1,copy,262144,h2d_complete,6670,2340.7121827586207,2415.55,3001.2949,3114.7875899999995,reported,106.80510053370391
r1-T,T,1,1,copy,262144,d2h_complete,6670,2155.8872953523237,2188.0035,2671.22035,2757.499749999999,reported,115.96153497399965
r1-T,T,1,1,copy,4194304,h2d_complete,4802,3141.8696099541853,3143.4169999999995,3601.26825,4142.33223,reported,1273.127308443054
r1-T,T,1,1,copy,4194304,d2h_complete,4802,3105.68212911287,3086.9055,3660.26005,4047.2816599999996,reported,1287.961817632183
r2-N,N,2,2,copy,4096,h2d_complete,1698195,7.977665367051486,6.939,10.429,10.91,reported,489.64826428207715
r2-N,N,2,2,copy,4096,d2h_complete,1698195,9.63111637356134,8.518,12.829,13.241999999999999,reported,405.58641890395603
r2-N,N,2,2,copy,262144,h2d_complete,599204,22.847772000854466,22.857000000000003,23.093,25.842000000000002,reported,10941.985940276823
r2-N,N,2,2,copy,262144,d2h_complete,599204,27.175246063110393,27.165000000000003,27.974999999999998,31.5,reported,9199.548715011186
r2-N,N,2,2,copy,4194304,h2d_complete,61226,240.55846057230588,238.858,246.71099999999998,251.8935,reported,16627.97471551702
r2-N,N,2,2,copy,4194304,d2h_complete,61226,249.33165919707312,247.92199999999997,255.76775000000004,260.70724999999993,reported,16042.88846783945
r2-N,N,2,2,query,1048576,query_return,4215444,7.0439492871925244,7.605,7.7700000000000005,9.115569999999833,reported,
r2-N,N,2,2,kernel,1048576,launch_return,3764244,1.5049400219539435,1.489,1.59,1.718,reported,
r2-N,N,2,2,kernel,1048576,launch_sync_complete,3764244,7.930637536514636,7.971,8.167,9.159,reported,
r2-S,S,2,2,copy,4096,h2d_complete,5297,2824.6852029450633,2760.5,3912.1755999999996,4032.7227199999998,reported,1.3828974626720454
r2-S,S,2,2,copy,4096,d2h_complete,5297,2838.3737626958655,2767.647,3922.0488,4026.48272,reported,1.3762281949400046
r2-S,S,2,2,copy,262144,h2d_complete,4369,3429.7940352483406,3059.2470000000003,4272.1352,5147.70728,reported,72.8906743176776
r2-S,S,2,2,copy,262144,d2h_complete,4369,3435.6840189974823,3204.628,4398.522999999999,4509.256599999999,reported,72.76571379021895
r2-S,S,2,2,copy,4194304,h2d_complete,1235,12878.09508825911,13134.75,13498.3061,14415.30418,reported,310.6049437114949
r2-S,S,2,2,copy,4194304,d2h_complete,1235,11425.17813846154,11584.822,11968.0972,12903.3219,reported,350.1039503738207
r2-S,S,2,2,query,1048576,query_return,20227,1482.1099424531565,1360.384,2437.4605,2629.1651600000005,reported,
r2-S,S,2,2,kernel,1048576,launch_return,10524,1435.3272720448497,1367.5439999999999,1665.2889500000006,2589.84826,reported,
r2-S,S,2,2,kernel,1048576,launch_sync_complete,10524,2849.7139211326494,2827.138,3921.3609999999994,4033.00191,reported,
r2-T,T,2,2,copy,4096,h2d_complete,9524,1575.7956275724487,1813.451,2325.70075,2422.10039,reported,2.4789064848578573
r2-T,T,2,2,copy,4096,d2h_complete,9524,1572.8687240655188,1801.69,2342.8673,2463.55386,reported,2.483519406440485
r2-T,T,2,2,copy,262144,h2d_complete,7021,2252.1313505198686,2399.769,3019.4089999999997,3119.1786,reported,111.00595884085158
r2-T,T,2,2,copy,262144,d2h_complete,7021,2019.606711579547,2108.1659999999997,2722.2650000000003,2834.501,reported,123.78647712280252
r2-T,T,2,2,copy,4194304,h2d_complete,2825,5132.175188318584,5149.308,5596.479399999999,5746.149039999999,reported,779.3966209696925
r2-T,T,2,2,copy,4194304,d2h_complete,2825,5488.45310761062,5517.857,6048.6305999999995,6284.2073199999995,reported,728.8028013673577
r2-T,T,2,2,query,1048576,query_return,36459,821.839050577361,908.321,1177.6101999999998,1234.8468,reported,
r2-T,T,2,2,kernel,1048576,launch_return,16189,938.2436580394096,1006.353,1249.5635999999997,1302.1365999999996,reported,
r2-T,T,2,2,kernel,1048576,launch_sync_complete,16189,1851.8698921489902,1995.1299999999999,2401.8221999999996,2491.2951199999998,reported,
r3-N,N,3,3,copy,4194304,h2d_complete,55323,265.63951412613204,242.611,316.034,321.4969,reported,15058.000738928862
r3-N,N,3,3,copy,4194304,d2h_complete,55323,276.5158894853858,252.46999999999997,328.39189999999996,334.23134000000005,reported,14465.71481821266
r3-N,N,3,3,query,1048576,query_return,5372385,5.526741821555976,3.846,7.761000000000001,8.049999999999999,reported,
r3-N,N,3,3,kernel,1048576,launch_return,3791652,1.4678427785566817,1.432,1.55,1.676,reported,
r3-N,N,3,3,kernel,1048576,launch_sync_complete,3791652,7.872979916669569,7.9319999999999995,8.084999999999999,9.133000000000001,reported,
r3-N,N,3,3,copy,4096,h2d_complete,2048334,6.7283293852467425,6.851999999999999,7.1,7.454,reported,580.5675935790633
r3-N,N,3,3,copy,4096,d2h_complete,2048334,7.875847318845461,8.198,8.276,9.524000000000001,reported,495.97838072013644
r3-N,N,3,3,copy,262144,h2d_complete,598591,22.90921647836336,22.927,23.115000000000002,25.961000000000002,reported,10912.638598361182
r3-N,N,3,3,copy,262144,d2h_complete,598591,27.1657170588933,27.232,27.552999999999997,31.089,reported,9202.775669717026
r3-S,S,3,3,copy,4194304,h2d_complete,1339,11845.294634055266,11569.385,12856.1909,13655.190579999999,reported,337.6868303891729
r3-S,S,3,3,copy,4194304,d2h_complete,1339,10565.213626587005,10486.419,11573.497399999998,11926.053599999996,reported,378.6009579526281
r3-S,S,3,3,query,1048576,query_return,20019,1497.444008342075,1386.61,2448.2555999999995,2648.2227399999997,reported,
r3-S,S,3,3,kernel,1048576,launch_return,10555,1431.4702851729037,1365.2969999999998,1685.333099999999,2589.902379999999,reported,
r3-S,S,3,3,kernel,1048576,launch_sync_complete,10555,2841.174319279962,2806.596,3925.0116,4013.69872,reported,
r3-S,S,3,3,copy,4096,h2d_complete,5190,2885.7467928709057,2855.2034999999996,3961.3801000000003,4088.7744699999976,reported,1.35363574158696
r3-S,S,3,3,copy,4096,d2h_complete,5190,2893.6935770712907,2857.8230000000003,3965.18445,4066.4056599999994,reported,1.3499183296226958
r3-S,S,3,3,copy,262144,h2d_complete,4269,3538.4404178964633,3206.8219999999997,4350.426600000001,5207.32172,reported,70.6525956281667
r3-S,S,3,3,copy,262144,d2h_complete,4269,3487.6793790114784,3257.981,4471.5228,4567.46048,reported,71.68090091780688
r3-T,T,3,3,copy,4194304,h2d_complete,4902,3047.1613102815177,3070.377,3500.6830999999997,3699.603939999999,reported,1312.6971606338927
r3-T,T,3,3,copy,4194304,d2h_complete,4902,3072.0991495308035,3065.2235,3619.95325,3894.1533199999994,reported,1302.0413096403197
r3-T,T,3,3,query,1048576,query_return,36749,815.4717708509075,925.539,1150.2821999999999,1195.2463999999998,reported,
r3-T,T,3,3,kernel,1048576,launch_return,17967,845.590765180609,999.1080000000001,1245.5695,1299.3300199999999,reported,
r3-T,T,3,3,kernel,1048576,launch_sync_complete,17967,1668.8282176211942,1984.773,2401.3437,2481.95836,reported,
r3-T,T,3,3,copy,4096,h2d_complete,8755,1681.847790519703,1854.4460000000001,2342.2595,2434.3899799999976,reported,2.322594245459597
r3-T,T,3,3,copy,4096,d2h_complete,8755,1743.83329229012,1946.086,2411.4847999999997,2508.4369999999994,reported,2.240036371177458
r3-T,T,3,3,copy,262144,h2d_complete,6184,2532.216701164295,2672.1115,3086.5780499999996,3196.0603600000004,reported,98.72772732485802
r3-T,T,3,3,copy,262144,d2h_complete,6184,2318.514641655886,2438.6274999999996,2739.0207,2813.85377,reported,107.82765634011685
r7-N,N,1,7,query,1048576,query_return,5532627,5.366583656913796,3.8369999999999997,7.768000000000001,7.928999999999999,reported,
r7-S,S,1,7,query,1048576,query_return,20135,1488.8681663769555,1368.1419999999998,2441.4026,2638.7621,reported,
r7-T,T,1,7,query,1048576,query_return,39185,764.8721032282762,859.222,1152.4856000000002,1203.9220799999996,reported,
