session,path,rep,physical_rep,mode,bytes,start_host_utc,end_host_utc,guest_start_utc,guest_end_utc,host_alignment,host_duration_minus_monotonic_s,completed,elapsed_s,operations_per_s,cpu_core_seconds,cpu_seconds_per_operation
r1-N,N,1,1,kernel,1048576,1790613056.860257,1790613086.86042,1790613056.8589847,1790613086.8589904,host receipt of flushed boundary events; approximate,0.00015925630810542657,3779291,30.000003822,125976.350617148,30.380461895681755,8.038667013384721e-06
r1-N,N,1,1,copy,4096,1790613097.9639413,1790613127.9637833,1790613097.9623,1790613127.9623067,host receipt of flushed boundary events; approximate,-0.00016271651794497188,2019923,30.000004645,67330.756241424,30.3787812752704,1.5039573922011086e-05
r1-N,N,1,1,copy,262144,1790613138.5214207,1790613168.521403,1790613138.519923,1790613168.5199308,host receipt of flushed boundary events; approximate,-2.3385974852629943e-05,595048,30.000005743,19834.929536266,30.39789650856511,5.1084780569912195e-05
r1-N,N,1,1,copy,4194304,1790613178.6932545,1790613208.6933765,1790613178.6915376,1790613208.6920092,host receipt of flushed boundary events; approximate,-0.00034749268749934004,57622,30.000469563,1920.703270297,30.403928322752733,0.0005276444469604098
r1-N,N,1,1,resident,2097152,1790613218.713716,1790613278.7134762,1790613218.712121,1790613278.712124,host receipt of flushed boundary events; approximate,-0.00024075209057627944,6804813,60.000000903,113413.548293283,60.76733070703307,8.9300515248594e-06
r1-N,N,1,1,transfer,2097152,1790613290.5750556,1790613350.5750532,1790613290.5733824,1790613350.573584,host receipt of flushed boundary events; approximate,-0.00020172418579278428,205537,60.00019934,3425.605285661,60.69484721929399,0.00029529888642577246
r1-S,S,1,1,kernel,1048576,1790613929.7013562,1790613959.7041914,1790613929.702184,1790613959.7056108,host receipt of flushed boundary events; approximate,-0.0005830122573229346,10660,30.003418286,355.292850247,9.59800321624085,0.0009003755362327251
r1-S,S,1,1,copy,4096,1790613969.753811,1790613999.7582896,1790613969.7547836,1790613999.7597644,host receipt of flushed boundary events; approximate,-0.0004919819915762957,5316,30.004970675,177.170644744,9.830032762444048,0.0018491408507231091
r1-S,S,1,1,copy,262144,1790614009.7861414,1790614039.7893763,1790614009.7872803,1790614039.790537,host receipt of flushed boundary events; approximate,-1.2821718751609978e-05,4339,30.003247685,144.617677578,13.802804631471659,0.0031811027037270474
r1-S,S,1,1,copy,4194304,1790614049.8699024,1790614079.8735106,1790614049.8712237,1790614079.8753557,host receipt of flushed boundary events; approximate,-0.0005150102238786758,1224,30.004123237,40.794393168,27.12000806337598,0.022156869332823514
r1-S,S,1,1,resident,2097152,1790614089.9487765,1790614149.952627,1790614089.9506545,1790614149.9534674,host receipt of flushed boundary events; approximate,0.001045636052488419,21250,60.002804824,354.150111188,19.57897284545792,0.0009213634280215491
r1-S,S,1,1,transfer,2097152,1790614160.0687373,1790614220.0815532,1790614160.069194,1790614220.0791204,host receipt of flushed boundary events; approximate,0.0028973233010276545,3852,60.009918629,64.189388821,48.97091418273952,0.012713113754605276
r1-T,T,1,1,kernel,1048576,1790613516.8472347,1790613546.8489976,1790613516.848602,1790613546.8492792,host receipt of flushed boundary events; approximate,0.0010932969738775,19948,30.00066957,664.918493017,24.36459679302437,0.0012214054939354505
r1-T,T,1,1,copy,4096,1790613556.89643,1790613586.8997436,1790613556.8969417,1790613586.8997846,host receipt of flushed boundary events; approximate,0.0004786894123540719,7754,30.002834852,258.442245149,25.16306683507311,0.003245172405864471
r1-T,T,1,1,copy,262144,1790613596.9268959,1790613626.928987,1790613596.926155,1790613626.9271524,host receipt of flushed boundary events; approximate,0.0011016573572995014,6670,30.000989512,222.326000192,30.674071419560875,0.004598811307280491
r1-T,T,1,1,copy,4194304,1790613636.9651523,1790613666.969935,1790613636.963477,1790613666.9681897,host receipt of flushed boundary events; approximate,7.583769677665941e-05,4802,30.004706839,160.041557005,65.45078330398599,0.013629900729693042
r1-T,T,1,1,resident,2097152,1790613676.993976,1790613736.9954526,1790613676.9921649,1790613736.993757,host receipt of flushed boundary events; approximate,-0.00010806073962754681,61170,60.001584587,1019.473075937,54.10977538123167,0.000884580274337611
r1-T,T,1,1,transfer,2097152,1790613747.0791385,1790613807.0838964,1790613747.077463,1790613807.0817976,host receipt of flushed boundary events; approximate,0.00043021316454883163,11203,60.004327668,186.703200176,121.13041404894939,0.01081231938310715
r2-N,N,2,2,copy,4096,1790615115.4215112,1790615145.4170709,1790615115.4155219,1790615145.4155276,host receipt of flushed boundary events; approximate,-0.004442241617187648,1698195,30.000001934,56606.496350753,30.37618604259731,1.7887336873914547e-05
r2-N,N,2,2,copy,262144,1790615155.8968444,1790615185.8957627,1790615155.8943248,1790615185.8943746,host receipt of flushed boundary events; approximate,-0.0011295470933845309,599204,30.000047842,19973.434814337,30.386546805126272,5.071152196101206e-05
r2-N,N,2,2,copy,4194304,1790615196.066544,1790615226.0668902,1790615196.065045,1790615226.0654547,host receipt of flushed boundary events; approximate,-6.142622314442292e-05,61226,30.00040761,2040.83893779,30.392986558233716,0.0004964065357566021
r2-N,N,2,2,resident,2097152,1790615236.096993,1790615296.096848,1790615236.0954175,1790615296.095428,host receipt of flushed boundary events; approximate,-0.00015312349609075682,6769101,60.000008165,112818.334647265,60.74605220398931,8.974020657098972e-06
r2-N,N,2,2,transfer,2097152,1790615307.9468193,1790615367.9469464,1790615307.945477,1790615367.9456422,host receipt of flushed boundary events; approximate,-3.595189733829329e-05,214609,60.000163029,3576.806947949,60.76431655379395,0.0002831396472365742
r2-N,N,2,2,query,1048576,1790615378.0109212,1790615408.0103405,1790615378.008962,1790615408.0089662,host receipt of flushed boundary events; approximate,-0.0005817116586896987,4215444,30.000000924,140514.795672199,29.174635355609382,6.920892640397876e-06
r2-N,N,2,2,kernel,1048576,1790615419.0637665,1790615449.0638015,1790615419.062171,1790615449.062179,host receipt of flushed boundary events; approximate,2.920353112756402e-05,3764244,30.000005844,125474.775557308,30.382774496188688,8.071414737245695e-06
r2-S,S,2,2,copy,4096,1790614754.3249207,1790614784.32893,1790614753.7920444,1790614784.3246715,host receipt of flushed boundary events; approximate,0.0005610868261705093,5297,30.00344816,176.546374662,10.01644472044098,0.001890965588151969
r2-S,S,2,2,copy,262144,1790614794.3629584,1790614824.361435,1790614794.3604388,1790614824.360812,host receipt of flushed boundary events; approximate,-0.0018889907204595602,4369,30.000365496,145.631559075,13.608872845123777,0.0031148713309965157
r2-S,S,2,2,copy,4194304,1790614834.443367,1790614864.4592412,1790614834.4428434,1790614864.4589188,host receipt of flushed boundary events; approximate,-0.0001919425848377898,1235,30.01606609,41.144632221,27.081478594618684,0.021928322748679095
r2-S,S,2,2,resident,2097152,1790614874.5405443,1790614934.543422,1790614874.539658,1790614934.5413013,host receipt of flushed boundary events; approximate,0.001242108249755347,21396,60.001635604,356.590279325,19.090833987692115,0.0008922618240648773
r2-S,S,2,2,transfer,2097152,1790614944.6668367,1790615004.6671464,1790614944.6647258,1790615004.6654937,host receipt of flushed boundary events; approximate,-0.000450425265746901,3867,60.000760131,64.449183503,48.23032441073287,0.01247228456445122
r2-S,S,2,2,query,1048576,1790615014.703133,1790615044.7038321,1790615014.7011428,1790615044.7013206,host receipt of flushed boundary events; approximate,0.0005289732739264252,20227,30.00017007,674.229511126,10.453896767224379,0.000516828831127917
r2-S,S,2,2,kernel,1048576,1790615054.795727,1790615084.798554,1790615054.7934604,1790615084.796278,host receipt of flushed boundary events; approximate,1.7620092407355514e-05,10524,30.002809309,350.767152889,10.193499549810042,0.0009685955482525696
r2-T,T,2,2,copy,4096,1790614342.2729096,1790614372.27085,1790614341.6076715,1790614372.2733333,host receipt of flushed boundary events; approximate,-0.004620116104860017,9524,30.002560418,317.439574067,26.35227095215304,0.002766933111313843
r2-T,T,2,2,copy,262144,1790614382.3051708,1790614412.3369849,1790614382.304441,1790614412.3063788,host receipt of flushed boundary events; approximate,0.02988417035815516,7021,30.001929928,234.018278719,32.76909820832019,0.004667297850494258
r2-T,T,2,2,copy,4194304,1790614422.3859806,1790614452.3861601,1790614422.352654,1790614452.3606083,host receipt of flushed boundary events; approximate,-0.007767076809937379,2825,30.007946606,94.141729759,60.48909343209722,0.02141206847153884
r2-T,T,2,2,resident,2097152,1790614462.4108875,1790614522.383988,1790614462.394589,1790614522.3947606,host receipt of flushed boundary events; approximate,-0.027062305187136815,38941,60.000162729,649.014906441,50.62848753653214,0.0013001332152880547
r2-T,T,2,2,transfer,2097152,1790614532.4583473,1790614592.453428,1790614532.4722035,1790614592.4733453,host receipt of flushed boundary events; approximate,-0.006053609542604477,7908,60.001134319,131.797508326,108.33759249719046,0.013699746142790903
r2-T,T,2,2,query,1048576,1790614602.4871047,1790614632.48832,1790614602.505996,1790614632.50646,host receipt of flushed boundary events; approximate,0.0007592679162584659,36459,30.00045619,1215.281520024,24.84609606192693,0.0006814804591987418
r2-T,T,2,2,kernel,1048576,1790614642.5495017,1790614672.5481846,1790614642.5675159,1790614672.5676315,host receipt of flushed boundary events; approximate,-0.0014246812309579582,16189,30.000107657,539.63139683,24.25120877782294,0.0014980053602954438
r3-N,N,3,3,copy,4194304,1790615899.7598674,1790615929.7602687,1790615899.7584562,1790615929.758769,host receipt of flushed boundary events; approximate,9.229646862962682e-05,55323,30.000308962,1844.081008297,30.387627060456207,0.0005492765587631945
r3-N,N,3,3,resident,2097152,1790615939.7897584,1790615999.789471,1790615939.7881305,1790615999.7881398,host receipt of flushed boundary events; approximate,-0.0002948388063970242,6808986,60.000007306,113483.086181557,60.75448269114703,8.922691674082901e-06
r3-N,N,3,3,transfer,2097152,1790616011.6430063,1790616071.6430945,1790616011.6414554,1790616071.6416454,host receipt of flushed boundary events; approximate,-9.989912572905268e-05,222850,60.000188114,3714.155021924,60.77358570026061,0.0002727107278450106
r3-N,N,3,3,query,1048576,1790616081.7075198,1790616111.7069917,1790616081.7055364,1790616111.7055414,host receipt of flushed boundary events; approximate,-0.000529741152710983,5372385,30.000001644,179079.490186341,29.19630999819168,5.434515582593519e-06
r3-N,N,3,3,kernel,1048576,1790616123.082252,1790616153.0820897,1790616123.080622,1790616153.0806303,host receipt of flushed boundary events; approximate,-0.00016856405236964633,3791652,30.000006201,126388.373875614,30.3944087189372,8.016138801487372e-06
r3-N,N,3,3,copy,4096,1790616164.1462677,1790616194.1459472,1790616164.144485,1790616194.144501,host receipt of flushed boundary events; approximate,-0.0003345935703116254,2048334,30.000014159,68277.767775404,30.388832557558487,1.4835877624234371e-05
r3-N,N,3,3,copy,262144,1790616204.711996,1790616234.7118485,1790616204.710403,1790616234.7104104,host receipt of flushed boundary events; approximate,-0.0001529791004628578,598591,30.000005398,19953.029743154,30.393812834708115,5.077559274146807e-05
r3-S,S,3,3,copy,4194304,1790615537.9863656,1790615567.654453,1790615537.6245022,1790615567.6335216,host receipt of flushed boundary events; approximate,-0.34092460754760623,1339,30.00901209,44.619929373,26.170313928899255,0.019544670596638725
r3-S,S,3,3,resident,2097152,1790615577.7244785,1790615637.7091112,1790615577.7131886,1790615637.714168,host receipt of flushed boundary events; approximate,-0.016337792515990657,21934,60.000970523,365.560753581,17.094940161231797,0.0007793808772331447
r3-S,S,3,3,transfer,2097152,1790615647.8097992,1790615707.8244476,1790615647.8143249,1790615707.8304918,host receipt of flushed boundary events; approximate,-0.0015108755000028395,3918,60.016159313,65.282418016,47.79936926312063,0.0121999411085045
r3-S,S,3,3,query,1048576,1790615717.8640704,1790615747.8619137,1790615717.8716075,1790615747.871972,host receipt of flushed boundary events; approximate,-0.002513831466551153,20019,30.000357097,667.292057067,10.28880117458202,0.0005139518045148119
r3-S,S,3,3,kernel,1048576,1790615757.952461,1790615787.9563415,1790615757.9635692,1790615787.9653764,host receipt of flushed boundary events; approximate,0.0020816477934566535,10555,30.001798853,351.81223805,9.968567773073651,0.0009444403385195311
r3-S,S,3,3,copy,4096,1790615798.0025265,1790615828.0059407,1790615798.0108554,1790615828.0136986,host receipt of flushed boundary events; approximate,0.0005802280527333892,5190,30.002833926,172.983659237,10.680040922861792,0.002057811353152561
r3-S,S,3,3,copy,262144,1790615838.0333414,1790615868.0333102,1790615838.040814,1790615868.0415838,host receipt of flushed boundary events; approximate,-0.0007935568338623966,4269,30.000762324,142.296384135,14.263478547176675,0.003341175579099713
r3-T,T,3,3,copy,4194304,1790616356.60737,1790616386.607344,1790616355.702277,1790616386.6044579,host receipt of flushed boundary events; approximate,-0.0007752096251216756,4902,30.000749222,163.395919339,66.73550283377452,0.013613933666620668
r3-T,T,3,3,resident,2097152,1790616396.6301458,1790616456.6274912,1790616396.627465,1790616456.62907,host receipt of flushed boundary events; approximate,-0.0042517534597195095,67506,60.001597201,1125.070050617,55.18341164710191,0.0008174593613471679
r3-T,T,3,3,transfer,2097152,1790616466.7149065,1790616526.7247565,1790616466.7158887,1790616526.7221658,host receipt of flushed boundary events; approximate,0.0035803041769995048,8392,60.006269721,139.852052777,109.66198232637917,0.013067443079883124
r3-T,T,3,3,query,1048576,1790616536.7558942,1790616566.7560353,1790616536.752879,1790616566.7531226,host receipt of flushed boundary events; approximate,-9.36582011732412e-05,36749,30.000234802,1224.957079254,24.35224508653768,0.0006626641564814737
r3-T,T,3,3,kernel,1048576,1790616576.8153899,1790616606.8162944,1790616576.8127353,1790616606.813329,host receipt of flushed boundary events; approximate,0.00031898608911262727,17967,30.000585574,598.888310219,24.998036772514993,0.0013913305934499355
r3-T,T,3,3,copy,4096,1790616616.8593047,1790616646.8615487,1790616616.856219,1790616646.8589349,host receipt of flushed boundary events; approximate,-0.0004622983334954256,8755,30.002706294,291.807009481,26.329871718519826,0.003007409676587073
r3-T,T,3,3,copy,262144,1790616656.889206,1790616686.894975,1790616656.8863049,1790616686.8915117,host receipt of flushed boundary events; approximate,0.0005699563585217504,6184,30.005199058,206.097616218,30.90950297139524,0.004998302550354987
r7-N,N,1,7,query,1048576,1790616718.9557235,1790616748.955174,1790616718.9536777,1790616748.9536862,host receipt of flushed boundary events; approximate,-0.0005533488248303797,5532627,30.000003794,184420.876677058,29.1933689254832,5.276583605850024e-06
r7-S,S,1,7,query,1048576,1790616972.4967797,1790617002.5079978,1790616971.9195013,1790617002.4971347,host receipt of flushed boundary events; approximate,0.010183440983887238,20135,30.00103463,671.143520493,10.66820315196442,0.0005298337795860154
r7-T,T,1,7,query,1048576,1790616861.0213053,1790616890.8109417,1790616860.7981713,1790616890.7990448,host receipt of flushed boundary events; approximate,-0.21122945548010108,39185,30.000865829,1306.128970522,24.53982909618993,0.0006262556870279426
